-- phpMyAdmin SQL Dump
-- version 4.6.5.2
-- https://www.phpmyadmin.net/
--
-- Host: localhost
-- Generation Time: May 01, 2017 at 05:41 AM
-- Server version: 10.1.21-MariaDB
-- PHP Version: 5.6.30

SET SQL_MODE = "NO_AUTO_VALUE_ON_ZERO";
SET time_zone = "+00:00";


/*!40101 SET @OLD_CHARACTER_SET_CLIENT=@@CHARACTER_SET_CLIENT */;
/*!40101 SET @OLD_CHARACTER_SET_RESULTS=@@CHARACTER_SET_RESULTS */;
/*!40101 SET @OLD_COLLATION_CONNECTION=@@COLLATION_CONNECTION */;
/*!40101 SET NAMES utf8mb4 */;

--
-- Database: `narayan3`
--

-- --------------------------------------------------------

--
-- Table structure for table `actors`
--

CREATE TABLE `actors` (
  `ACTOR_ID` char(5) NOT NULL DEFAULT '',
  `FNAME` varchar(40) NOT NULL,
  `LNAME` varchar(40) NOT NULL
) ENGINE=InnoDB DEFAULT CHARSET=latin1;

--
-- Dumping data for table `actors`
--

INSERT INTO `actors` (`ACTOR_ID`, `FNAME`, `LNAME`) VALUES
('00001', 'Alicia', 'Silverstone'),
('00002', 'Brittany', 'Murphy'),
('00003', 'Paul', 'Rudd'),
('00004', 'Ethan', 'Hawke'),
('00005', 'Julie', 'Delpy'),
('00006', 'Andrea', 'Eckert'),
('00007', 'Michael', 'Douglas'),
('00008', 'Annette', 'Bening'),
('00009', 'Michael J.', 'Fox'),
('00010', 'Emma', 'Thompson'),
('00011', 'Kate', 'Winslet'),
('00012', 'James', 'Fleet'),
('00013', 'Sandra', 'Bullock'),
('00014', 'Bill', 'Pullman'),
('00015', 'Peter', 'Gallagher'),
('00016', 'Leonardo', 'DiCaprio'),
('00017', 'Claire', 'Danes'),
('00018', 'John', 'Leguizamo'),
('00019', 'Tom', 'Cruise'),
('00020', 'Cuba', 'Gooding Jr.'),
('00021', 'Renee', 'Zellweger'),
('00022', 'Ralph', 'Fiennes'),
('00023', 'Juliette', 'Binoche'),
('00024', 'Willem', 'Dafoe'),
('00025', 'Gwyneth', 'Paltrow'),
('00026', 'James', 'Cosmo'),
('00027', 'Greta', 'Scacchi'),
('00028', 'Matt', 'Dillon'),
('00029', 'Timothy', 'Hutton'),
('00030', 'Noah', 'Emmerich'),
('00031', 'Billy', 'Zane'),
('00032', 'Jack', 'Nicholson'),
('00033', 'Helen', 'Hunt'),
('00034', 'Greg', 'Kinnear'),
('00035', 'Julia', 'Roberts'),
('00036', 'Dermot', 'Mulroney'),
('00037', 'Cameron', 'Diaz'),
('00038', 'Ben', 'Affleck'),
('00039', 'Joey Lauren', 'Adams'),
('00040', 'Ethan', 'Suplee'),
('00041', 'Jennifer', 'Aniston'),
('00042', 'Jay', 'Mohr'),
('00043', 'Kevin', 'Bacon'),
('00044', 'Lindsey', 'Lohan'),
('00045', 'Dennis', 'Quaid'),
('00046', 'Natasha', 'Richardson'),
('00047', 'Adam', 'Sandler'),
('00048', 'Drew', 'Barrymore'),
('00049', 'Christine', 'Taylor'),
('00050', 'Ben', 'Stiller'),
('00051', 'Tom', 'Hanks'),
('00052', 'Meg', 'Ryan'),
('00053', 'Jennifer Love', 'Hewitt'),
('00054', 'Ethan', 'Embry'),
('00055', 'Charlie', 'Korsmo'),
('00056', 'Heath', 'Ledger'),
('00057', 'Julia', 'Styles'),
('00058', 'Joseph', 'Gordon-Levitt'),
('00059', 'Hugh', 'Grant'),
('00060', 'Richard', 'McCabe'),
('00061', 'James', 'Van Der Beek'),
('00062', 'Jon', 'Voight'),
('00063', 'Paul', 'Walker'),
('00064', 'Freddie', 'Prinze Jr.'),
('00065', 'Rachael Leigh', 'Cook'),
('00066', 'David', 'Arquette'),
('00067', 'Michael ', 'Vartan'),
('00068', 'Daniel', 'York'),
('00069', 'Patcharawan', 'Patarakijjanon'),
('00070', 'Piper', 'Perabo'),
('00071', 'Adam', 'Garcia'),
('00072', 'John', 'Goodman'),
('00073', 'Michael', 'Caine'),
('00074', 'Benjamin', 'Bratt'),
('00075', 'Kirsten', 'Dunst'),
('00076', 'Eliza', 'Dushku'),
('00077', 'Gabrielle', 'Union'),
('00078', 'Robert', 'De Niro'),
('00079', 'Teri', 'Polo'),
('00080', 'Reese', 'Witherspoon'),
('00081', 'Luke', 'Wilson'),
('00082', 'Selma', 'Blair'),
('00083', 'Kate', 'Beckinsale'),
('00084', 'Josh', 'Harnett'),
('00085', 'Audrey', 'Tautou'),
('00086', 'Mathieu', 'Kassovitz'),
('00087', 'Rufus', ''),
('00088', 'Julie', 'Andrews'),
('00089', 'Anne', 'Hathaway'),
('00090', 'Hector', 'Elizondo'),
('00091', 'Colin', 'Firth'),
('00092', 'Mandy', 'Moore'),
('00093', 'Shane', 'West'),
('00094', 'Peter', 'Coyote'),
('00095', 'Patrick', 'Dempsey'),
('00096', 'Josh', 'Lucas'),
('00097', 'Nia', 'Vardalos'),
('00098', 'John', 'Corbett'),
('00099', 'Michael', 'Constantine'),
('00100', 'Nicholas', 'Hoult'),
('00101', 'Toni', 'Collette'),
('00102', 'James', 'Spader'),
('00103', 'Maggie', 'Gyllenhaal'),
('00104', 'Jeremy', 'Davies'),
('00105', 'Liam', 'Neeson'),
('00106', 'Martine', 'McCutcheon'),
('00107', 'Kate', 'Hudson'),
('00108', 'Matthew', 'McConaughey'),
('00109', 'Adam', 'Goldberg'),
('00110', 'Jude', 'Law'),
('00111', 'Nicole', 'Kidman'),
('00112', 'Jason', 'Biggs'),
('00113', 'Alyson', 'Hannigan'),
('00114', 'Seann William', 'Scott'),
('00115', 'Diane', 'Lane'),
('00116', 'Raoul', 'Boya'),
('00117', 'Sandra', 'Oh'),
('00118', 'Rachel', 'McAdams'),
('00119', 'Ryan', 'Gosling'),
('00120', 'James', 'Garner'),
('00121', 'Emile', 'Hirsch'),
('00122', 'Nicholas', 'Downs'),
('00123', 'Elisha', 'Cuthbert'),
('00124', 'Robert', 'Schneider'),
('00125', 'Jennifer', 'Garner'),
('00126', 'Mark', 'Ruffalo'),
('00127', 'Judy', 'Greer'),
('00128', 'Hilary', 'Duff'),
('00129', 'Chad Michael', 'Murray'),
('00130', 'Jennifer', 'Coolidge'),
('00131', 'Keira', 'Knightley'),
('00132', 'Matthew', 'Macfadyen'),
('00133', 'Brenda', 'Blethyn'),
('00134', 'Owen', 'Wilson'),
('00135', 'Vince', 'Vaughn'),
('00136', 'Steve', 'Carell'),
('00137', 'Catherine', 'Keener'),
('00138', 'Joaquin', 'Phoenix'),
('00139', 'Ginnifer', 'Goodwin'),
('00140', 'Will', 'Smith'),
('00141', 'Eva', 'Mendes'),
('00142', 'Kevin', 'James'),
('00143', 'Channing', 'Tatum'),
('00144', 'Jenna Dewan', 'Tatum'),
('00145', 'Damaine', 'Radcliff'),
('00146', 'Amanda', 'Bynes'),
('00147', 'Laura', 'Ramsey'),
('00148', 'Jesse', 'Metcalf'),
('00149', 'Ashanti', ''),
('00150', 'Sophia', 'Bush'),
('00151', 'Jack', 'Black'),
('00152', 'Jon', 'Favreau'),
('00153', 'Hilary', 'Swank'),
('00154', 'Gerard', 'Butler'),
('00155', 'Harry', 'Connick Jr.'),
('00156', 'John', 'Travolta'),
('00157', 'Queen', 'Latifah'),
('00158', 'Nikki', 'Blonsky'),
('00159', 'Seth', 'Rogan'),
('00160', 'Katherine', 'Heigl'),
('00161', 'Charlie', 'Cox'),
('00163', 'Sienna', 'Miller'),
('00164', 'Amy', 'Adams'),
('00165', 'Susan', 'Sarandon'),
('00166', 'Kristen', 'Stewart'),
('00167', 'Robert', 'Pattinson'),
('00168', 'Billy', 'Burke'),
('00169', 'Kristen', 'Bell'),
('00170', 'Jason', 'Segel'),
('00171', 'James', 'Marsden'),
('00172', 'Malin', 'Akerman'),
('00173', 'Meryl', 'Streep'),
('00174', 'Pierce', 'Brosnan'),
('00175', 'Amanda', 'Seyfried'),
('00176', 'Donald', 'Sutherland'),
('00177', 'George', 'Clooney'),
('00178', 'Vera', 'Farmiga'),
('00179', 'Anna', 'Kendrick'),
('00180', 'Zooey', 'Deschanel'),
('00181', 'Geoffrey', 'Arend'),
('00182', 'Ryan', 'Reynolds'),
('00183', 'Betty', 'White'),
('00184', 'Jennifer', 'Connelly'),
('00185', 'Morgan', 'Lily'),
('00186', 'Bree', 'Turner'),
('00187', 'Emma', 'Stone'),
('00188', 'Penn', 'Badgley'),
('00189', 'Michael', 'Cera'),
('00190', 'Mary Elizabeth', 'Winstead'),
('00191', 'Kieran', 'Culkin'),
('00192', 'Jake', 'Gyllenhaal'),
('00193', 'Josh', 'Duhamel'),
('00194', 'Richard', 'Jenkins'),
('00195', 'Kristen', 'Wiig'),
('00196', 'Maya', 'Rudolph'),
('00197', 'Rose', 'Byrne'),
('00198', 'Jason', 'Sudeikis'),
('00199', 'Christina', 'Applegate'),
('00200', 'Mila', 'Kunis'),
('00201', 'Justin', 'Timberlake'),
('00202', 'Patricia', 'Clarkson'),
('00203', 'Brittany', 'Snow'),
('00204', 'Rebel', 'Wilson'),
('00205', 'Logan', 'Lerman'),
('00206', 'Emma', 'Watson'),
('00207', 'Ezra', 'Miller'),
('00208', 'Sam', 'Neill'),
('00209', 'Bradley', 'Cooper'),
('00210', 'Jennifer', 'Lawrence'),
('00211', 'Zac', 'Efron'),
('00212', 'Taylor', 'Schilling'),
('00213', 'Blythe', 'Danner'),
('00214', 'Carey', 'Mulligan'),
('00215', 'Tobey', 'Maguire'),
('00216', 'Scarlett', 'Johansson'),
('00217', 'Domhnall', 'Gleeson'),
('00218', 'Billy', 'Nighy'),
('00219', 'Miles', 'Teller'),
('00220', 'Shailene', 'Woodley'),
('00221', 'Kyle', 'Chandler'),
('00222', 'Julianne', 'Hough'),
('00223', 'Cobie', 'Smulders'),
('00224', 'Michelle', 'Monaghan'),
('00225', 'Luke', 'Bracey'),
('00226', 'Leslie', 'Mann'),
('00227', 'Kate', 'Upton'),
('00228', 'Michael B.', 'Jordan'),
('00229', 'Kevin', 'Nealon'),
('00230', 'Ansel', 'Elgort'),
('00231', 'Nat', 'Wolff'),
('00232', 'Dakota', 'Johnson'),
('00233', 'Jamie', 'Dornan'),
('00234', 'Jennifer', 'Ehle'),
('00235', 'Scott', 'Eastwood'),
('00236', 'Britt', 'Robertson'),
('00237', 'Alan', 'Alda'),
('00238', 'Blake', 'Lively'),
('00239', 'Michiel', 'Huisman'),
('00240', 'Harrison', 'Ford'),
('00241', 'Margot', 'Robbie'),
('00242', 'Rodrigo', 'Santoro'),
('00243', 'Amy', 'Schumer'),
('00244', 'Bill', 'Hader'),
('00245', 'Brie', 'Larson'),
('00246', 'Emilia', 'Clarke'),
('00247', 'Sam', 'Claflin'),
('00248', 'Janet', 'McTeer'),
('00249', 'Benjamin', 'Walker'),
('00250', 'Teresa', 'Palmer'),
('00251', 'Alexandra', 'Daddario'),
('00252', 'Gemma', 'Jones'),
('00253', 'Jim', 'Broadbent'),
('00254', 'Chris', 'Pratt'),
('00255', 'Michael', 'Sheen'),
('00256', 'William', 'Shatner'),
('00257', 'Edward', 'Teller'),
('00258', 'W.H.P.', 'Blandy'),
('00259', 'Kenneth', 'Branagh'),
('00260', 'Glenn', 'Close'),
('00261', 'Janny', 'Brandes-Brilslijper'),
('00262', 'Pernilla', 'August'),
('00263', 'Max', 'von Sydow'),
('00264', 'Merzak', 'Allouache'),
('00265', 'Michael', 'Jackson'),
('00266', 'Alberto', 'Alejandrino'),
('00267', 'Tyra', 'Banks'),
('00268', 'Martin', 'Scorsese'),
('00269', 'Allison', 'Anders'),
('00270', 'Kathryn', 'Bigelow'),
('00271', 'Tony', 'Brooks'),
('00272', 'Diana', 'Davis'),
('00273', 'Terry', 'Wood'),
('00274', 'Muhammad', 'Ali'),
('00275', 'George', 'Foreman'),
('00276', 'Donald', 'King'),
('00277', 'William T.', 'Still'),
('00278', 'Al', 'Pacino'),
('00279', 'Alec', 'Baldwin'),
('00280', 'Kevin', 'Spacey'),
('00281', 'Ian', 'Anderson'),
('00282', 'Glenn', 'Cornick'),
('00283', 'Clive', 'Bunker'),
('00284', 'Maxine', 'McNair'),
('00285', 'Walter', 'Cronkite'),
('00286', 'Chris', 'McNair'),
('00287', 'Dieter', 'Dengler'),
('00288', 'Werner', 'Herzog'),
('00289', 'Eugene', 'Deatrick'),
('00290', 'Michael', 'Flatley'),
('00291', 'Bernadette', 'Flynn'),
('00292', 'Daire', 'Nolan'),
('00293', 'Mitch', 'Pileggi'),
('00294', 'Mark', 'Thompson'),
('00295', 'Sybil', 'Azur'),
('00296', 'Paula', 'Abdul'),
('00297', 'Brandon Quentin', 'Adams'),
('00298', 'Kurt', 'Cobain'),
('00299', 'Courtney', 'Love'),
('00300', 'Nick', 'Broomfield'),
('00301', 'Lhakpa', 'Dorji'),
('00302', 'Dorje', 'Sherpa'),
('00303', 'Bill', 'Basch'),
('00304', 'Martin', 'Basch'),
('00305', 'Randolph', 'Braham'),
('00306', 'Michael', 'Alig'),
('00307', 'Gitsie', ''),
('00308', 'James', 'St. James'),
('00309', '\"Timothy \"\"Speed\"\"\"', 'Levitch'),
('00310', 'Compay', 'Segundo'),
('00311', 'Ibrahim', 'Ferrer'),
('00312', 'Ruben', 'Gonzalez'),
('00313', 'Mark', 'Borchardt'),
('00314', 'Mike', 'Schank'),
('00315', 'Tom', 'Schimmels'),
('00316', 'Frank', 'Pastor'),
('00317', 'Rachel', 'Braaten'),
('00318', 'Elaine', 'Stebbins'),
('00319', 'Terry', 'Funk'),
('00320', 'Mick', 'Foley'),
('00321', 'Jake', 'Roberts'),
('00322', 'Klaus', 'Kinski'),
('00323', 'Claudia', 'Cardinale'),
('00324', 'Steve', 'Harvey'),
('00325', 'D.L.', 'Hughley'),
('00326', 'Cedric the Entertainer', ''),
('00327', 'Julian', 'Ayer'),
('00328', 'John', 'Blackborow'),
('00329', 'Marc', 'Singer'),
('00330', 'Judi', 'Dench'),
('00331', 'Lory', 'Cahn'),
('00332', 'Kurt', 'Fuchel'),
('00333', 'Jaime Leigh', 'Allen'),
('00334', 'Jemma', 'Braham'),
('00335', 'Freeda', 'Cat'),
('00336', 'Sean', 'Penn'),
('00337', 'Jay', 'Adams'),
('00338', 'Tony', 'Alva'),
('00339', 'Anna', 'Finnell'),
('00340', 'Patrick', 'McGuinness'),
('00341', 'James', 'Williams'),
('00342', 'James', 'Alley Jr.'),
('00343', 'Roderick', 'Bain'),
('00344', '\"Lynn \"\"Buck\"\"\"', 'Compton'),
('00345', 'Belinda', 'Becker'),
('00346', 'Buju', 'Banton'),
('00347', 'Horst', 'Kohler'),
('00348', 'Cristina', 'Ionescu'),
('00349', 'Mihai Alexandre', 'Tudose'),
('00350', '\"Violeta \"\"Macarena\"\"\"', 'Rosu'),
('00351', 'Steve', 'James'),
('00352', 'Stephen', 'Fielding'),
('00353', 'Tonya', 'Gregory'),
('00354', 'Jerry', 'Seinfeld'),
('00355', 'Chris', 'Rock'),
('00356', 'Garry', 'Shandling'),
('00357', 'Tony', 'Benatatos'),
('00358', 'Jamal', 'Braithwaite'),
('00359', 'Steve', 'Buscemi'),
('00360', 'The Notorious B.I.G.', ''),
('00361', 'Tupac', 'Shakur'),
('00362', 'Sandro', 'do Nascimento'),
('00363', 'Rodrigo', 'Pimentel'),
('00364', 'Luiz Eduardo', 'Soares'),
('00365', 'Simon', 'Yates'),
('00366', 'Joe', 'Simpson'),
('00367', 'Brendan', 'Mackey'),
('00368', 'Arnold', 'Friedman'),
('00369', 'Jesse', 'Friedman'),
('00370', 'David', 'Friedman'),
('00371', 'Bill', 'Paxton'),
('00372', 'Lori', 'Johnston'),
('00373', 'Lewis', 'Abernathy'),
('00374', 'Ivanka', 'Trump'),
('00375', 'Georgina', 'Bloomberg'),
('00376', 'Luke', 'Weil'),
('00377', 'Mikela', 'Jay'),
('00378', 'Rob', 'Beckwermert'),
('00379', 'Christopher', 'Gora'),
('00380', 'Morgan', 'Spurlock'),
('00381', 'Daryl', 'Isaacs'),
('00382', 'Chemeeka', 'Walker'),
('00383', 'Michael', 'Moore'),
('00384', 'George W.', 'Bush'),
('00385', 'Tony', 'Jay'),
('00386', 'Harold', 'Schechter'),
('00387', 'Thomas', 'Cronin'),
('00388', 'Dick', 'Proenneke'),
('00389', 'Bob', 'Swerer Jr.'),
('00390', 'Wendy', 'Ishii'),
('00391', 'Ralph', 'Baker'),
('00392', 'Carl', 'Bentley'),
('00393', 'James', 'Boylan'),
('00394', 'Timothy', 'Treadwell'),
('00395', 'Amie', 'Huguenard'),
('00396', 'Morgan', 'Freeman'),
('00397', 'Charles', 'Berling'),
('00398', 'Romane', 'Bohringer'),
('00399', 'Joe', 'Soares'),
('00400', 'Keith', 'Cavil'),
('00401', 'Mark', 'Zupan'),
('00402', 'John', 'Beard'),
('00403', 'Tim', 'Belden'),
('00404', 'Barbara', 'Boxer'),
('00405', 'Rob', 'Stewart'),
('00406', 'Paul', 'Watson'),
('00407', 'Patrick', 'Moore'),
('00408', 'Al', 'Gore'),
('00409', 'Billy', 'West'),
('00410', 'George', 'Bush'),
('00411', 'John', 'Lennon'),
('00412', 'Yoko', 'Ono'),
('00413', 'Stew', 'Albe'),
('00414', 'Mike', 'Papantonio'),
('00415', 'Lou', 'Engle'),
('00416', 'Becky', 'Fischer'),
('00417', 'Jon', 'Roberts'),
('00418', 'Al', 'Sunshine'),
('00419', 'Sam', 'Burstyn'),
('00420', 'Chogyam', 'Trungpa'),
('00421', 'Jordan', 'Maxwell'),
('00422', 'George', 'Carlin'),
('00424', 'Tucker', 'Albrizzi'),
('00425', 'Tony', 'Benn'),
('00426', 'Scott', 'Rowland'),
('00427', 'Stefan', 'Pashov'),
('00428', 'Alex', 'Gibney'),
('00429', 'Brian Keith', 'Allen'),
('00430', 'Moazzam', 'Begg'),
('00431', 'Buzz', 'Aldrin'),
('00432', 'Neil', 'Armstrong'),
('00433', 'Stephen', 'Armstrong'),
('00434', 'Kurt', 'Kuenne'),
('00435', 'Andrew', 'Bagby'),
('00436', 'David', 'Bagby'),
('00437', 'Michael', 'Pollan'),
('00438', 'Eric', 'Schlosser'),
('00439', 'RIchard', 'Lobb'),
('00440', 'Philippe', 'Petit'),
('00441', 'Jean Francois', 'Heckel'),
('00442', 'Jean-Louis', 'Blondeau'),
('00443', 'Vicky', 'Blewitt'),
('00444', 'Ian', 'Brighthope'),
('00445', 'Jerome', 'Burne'),
('00446', 'Jimmy', 'Page'),
('00447', 'The Edge', ''),
('00448', 'Jack', 'White'),
('00449', 'Richard', 'O\'Barry'),
('00450', 'Louie', 'Psihoyos'),
('00451', 'Hardy', 'Jones'),
('00452', 'Joshua', 'Zeman'),
('00453', 'Barbara', 'Brancaccio'),
('00454', 'Bill', 'Ellis'),
('00455', 'Alex', 'Al'),
('00456', 'Alexandra', 'Apjarova'),
('00457', 'William', 'Black'),
('00458', 'Jimmy', 'Carter'),
('00460', 'Pedro', 'Armendariz Jr.'),
('00461', 'Jacques', 'Perrin'),
('00462', 'Matt', 'Damon'),
('00463', 'Gylfi', 'Zoega'),
('00464', 'Andri Snaer', 'Magnason'),
('00465', 'Banksy', ''),
('00466', 'Space Invader', ''),
('00467', 'Mr. Brainwash', ''),
('00468', 'Yaniv', 'Schulman'),
('00469', 'Ariel', 'Schulman'),
('00470', 'Henry', 'Joost'),
('00471', 'Ayrton', 'Senna'),
('00472', 'Alain', 'Prost'),
('00473', 'Frank', 'Williams'),
('00474', 'Nickolay Nikiforovitch', 'Siniaev'),
('00475', 'Gennady', 'Soloviev'),
('00476', 'Balinese Tari Legong Dancers', ''),
('00477', 'Ni Made Megahadi ', 'Pratiwi'),
('00478', 'Puti Sri Candra', 'Dewi'),
('00479', 'Richard', 'Lopez'),
('00480', 'Michael', 'Perry'),
('00481', 'Bill', 'Courtney'),
('00482', 'O.C.', 'Brown'),
('00483', '\"Montrail \"\"Money\"\"\"', 'Brown'),
('00484', 'Ja\'Meya', 'Jackson'),
('00485', 'Kelby', 'Johnson'),
('00486', 'Lona', 'Johnson'),
('00487', 'Lee', 'Fulkerson'),
('00488', 'Matthew', 'Lederman'),
('00489', 'Alona', 'Pulde'),
('00490', 'Adam', 'O\'Brian'),
('00491', 'Nicholas', 'Barclay'),
('00492', 'Carey', 'Gibson'),
('00493', 'Rodriguez', ''),
('00494', '\"Stephen \"\"Sugar\"\"\"', 'Segerman'),
('00495', 'Dennis', 'Coffey'),
('00496', 'Anwar', 'Congo'),
('00497', 'Herman', 'Koto'),
('00498', 'Syamsul', 'Arifin'),
('00499', 'Jason', 'Baldwin'),
('00500', 'Damien Wayne', 'Echols'),
('00501', 'Jessie', 'Misskelley'),
('00502', 'Christine', 'Barnes'),
('00503', 'Hoselito', 'Bite'),
('00504', 'Walter', 'Bonatti'),
('00505', 'Tilikum', ''),
('00506', 'Dave', 'Duffus'),
('00507', 'Samantha', 'Berg'),
('00508', 'Arnold', 'Schwarzenegger'),
('00509', 'Mickey', 'Rourke'),
('00510', 'Lou', 'Ferrigno'),
('00511', 'Hermann', 'Goring'),
('00512', 'Heinrich', 'Himmler'),
('00513', 'Adolf', 'Hitler'),
('00514', 'Chris', 'Baughman'),
('00515', 'Danielle', 'Douglas'),
('00516', 'Nicholas', 'Kristof'),
('00517', 'Robert', 'Reich'),
('00518', 'Mary Tyler', 'Moore'),
('00519', 'Lily', 'Tomlin'),
('00520', 'Edward', 'Snowden'),
('00521', 'Glenn', 'Greenwald'),
('00522', 'William', 'Binney'),
('00523', 'Sebastiao', 'Salgado'),
('00524', 'Wim', 'Wenders'),
('00525', 'Lelia', 'Wanick'),
('00526', 'Lisa', 'Agabian'),
('00527', 'Manucher', 'Alemi'),
('00528', 'Lindsey', 'Allen'),
('00529', 'Adi', 'Rukun'),
('00530', 'M.Y.', 'Basrun'),
('00531', 'Amir', 'Hasan'),
('00532', 'Michele', 'Simon'),
('00533', 'Katie', 'Couric'),
('00534', 'Bill', 'Clinton'),
('00535', 'Farrah', 'Abraham'),
('00536', 'John', 'Anthony'),
('00537', 'Rachel', 'Bernard'),
('00538', 'Paul', 'Haggis'),
('00539', 'Jason', 'Beghe'),
('00540', 'Spanky', 'Taylor'),
('00541', 'Tim Nailer', 'Foley'),
('00542', '\"Jose Manuel \"\"El Doctor\"\"\"', 'Mireles'),
('00543', 'Paco', 'Valencia'),
('00544', 'Sammy', 'Silverwatch'),
('00545', 'Nick', 'Yarris'),
('00546', 'Amy', 'Winehouse'),
('00547', 'Mitch', 'Winehouse'),
('00548', 'Mark', 'Ronson'),
('00549', 'Samuel L.', 'Jackson'),
('00550', 'James', 'Baldwin'),
('00551', 'Dick', 'Cavett'),
('00552', 'Morgan', 'Geyser'),
('00553', 'Anissa', 'Weier'),
('00554', 'Angie', 'Geyser'),
('00555', 'Melina', 'Abdullah'),
('00556', 'Michelle', 'Alexander'),
('00557', 'Cory', 'Booker'),
('00558', 'Mike', 'Albanese'),
('00560', 'Marcus', 'Allen'),
('00561', 'David', 'Sanger'),
('00562', 'Emad', 'Kiyaei'),
('00563', 'Eric', 'Chien'),
('10001', 'Bonnie', 'Hunt'),
('10002', 'Jason', 'Alexander'),
('10003', 'Vanessa', 'Williams'),
('10004', 'Chynna', 'Phillips'),
('10006', 'Tim', 'Allen'),
('10007', 'Don', 'Rickles'),
('10008', 'Jackson', 'Browne'),
('10009', 'Roger', 'Daltrey'),
('10010', 'Natalie', 'Cole'),
('10012', 'Kevin', 'Kline'),
('10014', 'Alex', 'Linz'),
('10015', 'Olek', 'Krupa'),
('10016', 'Rya', 'Khila'),
('10017', 'John ', 'Ingle'),
('10018', 'Brandon', 'Croix'),
('10019', 'Aria', 'Curzon'),
('10020', 'Robert', 'Benigni'),
('10021', 'Nicoletta', 'Braschi'),
('10022', 'Giorgio', 'Cantarini'),
('10023', 'Robert', 'Carlyle'),
('10024', 'Tom', 'Wilkinson'),
('10025', 'Mark', 'Addy'),
('10026', 'Bill', 'Murray'),
('10027', 'Joanne', 'Whalley'),
('10029', 'Zach', 'Galifianakis'),
('10031', 'Justin', 'Bartha'),
('10032', 'Trey', 'Parker'),
('10033', 'Matthew', 'Stone'),
('10034', 'Elle', 'Russ'),
('10036', 'Jonah', 'Hill'),
('10037', 'Christopher', 'Mintz-Plasse'),
('10038', 'Jay', 'Chandrasekhar'),
('10039', 'Kevin', 'Heffernan'),
('10040', 'Steve', 'Lemme'),
('10041', 'John', 'Cho'),
('10042', 'Kal', 'Penn'),
('10043', 'Ethan', 'Penn'),
('10044', 'Allen', 'Covert'),
('10045', 'Linda', 'Cardellini'),
('10046', 'Shirley', 'Jones'),
('10047', 'Andre', 'Vippolis'),
('10048', 'Sam', 'Peter'),
('10049', 'Will', 'Ferell'),
('10052', 'Simon', 'Pegg'),
('10053', 'Nick', 'Frost'),
('10054', 'Kate', 'Ashfield'),
('10055', 'Anna', 'Faris'),
('10056', 'Jon', 'Abrahams'),
('10057', 'Marion', 'Wayans'),
('10058', 'Johnny', 'Knoxville'),
('10059', 'Bam', 'Margera'),
('10060', 'Chris', 'Pontiues'),
('10063', 'Robert', 'Downey'),
('10064', 'Ashton', 'Kutcher'),
('10065', 'Seann', 'Scott'),
('10067', 'Matthew', 'Lillard'),
('10068', 'Seth', 'Green'),
('10069', 'Dax', 'Shepard'),
('10070', 'Seth', 'Rogen'),
('10071', 'James', 'Franco'),
('10072', 'Gary', 'Cole'),
('10073', 'Zack', 'Cregger'),
('10074', 'Trevor', 'Moore'),
('10075', 'Raquel', 'Alessi'),
('10079', 'Tyler', 'Labine'),
('10080', 'Alan', 'Tudyk'),
('10081', 'Katrina', 'Bowden'),
('10083', 'John', 'Reilly'),
('10084', 'Mary', 'Steenburgen'),
('10088', 'Len', 'Carlou'),
('10089', 'Sarah', 'McElligott'),
('10090', 'Amir', 'Talai'),
('10093', 'Kevin', 'Hefferman'),
('10096', 'Martin', 'Freeman'),
('10097', 'Anna', 'Fariss'),
('10098', 'John', 'Krasinski'),
('10099', 'Adam', 'Brody'),
('10100', 'Billy', 'Bob'),
('10101', 'Bernie', 'Mac'),
('10102', 'Lauren', 'Graham'),
('10106', 'Sacha', 'Cohen'),
('10107', 'Ken', 'Davitian'),
('10108', 'Lunell', 'Chester'),
('10109', 'Rowan', 'Atkinson'),
('10110', 'John', 'Malkovich'),
('10111', 'Natalie', 'Imbruglia'),
('10113', 'Kyle', 'Gass'),
('10114', 'JR', 'Reed'),
('10115', 'Breckin', 'Meyer'),
('10116', 'Amy', 'Smart'),
('10117', 'Whoopi', 'Goldberg'),
('10121', 'Jason', 'Bateman'),
('10122', 'Charlie', 'Day'),
('10123', 'Jason', 'Sudekis'),
('10125', 'Zach', 'Galifinanakis'),
('10126', 'Ed', 'Helms'),
('10127', 'Josh', 'Zuckerman'),
('10128', 'Clark', 'Duke'),
('10129', 'Amanda', 'Crew'),
('10132', 'Elizabeth', 'Banks'),
('10134', 'Vince', 'Vaugn'),
('10138', 'Shannon', 'Elizabeth'),
('10141', 'John', 'Daley'),
('10142', 'Michael', 'McKiddy'),
('10143', 'Ross', 'Kidder'),
('10144', 'Markus', 'Taylor'),
('10145', 'Brian', 'O\'Halloran'),
('10146', 'Jeff', 'Anderson'),
('10147', 'Rosario', 'Dawson'),
('10151', 'Mark', 'Wahlberg'),
('10153', 'Seth', 'MacFarlane'),
('10154', 'Justin', 'Long'),
('10157', 'Jesse', 'Eisenberg'),
('10159', 'Woody', 'Harrelson'),
('10160', 'Janeane', 'Garofaio'),
('10161', 'David', 'Peirece'),
('10162', 'Michael', 'Showaiter'),
('10163', 'Bryan', 'Callen'),
('10164', 'Jessica', 'Lee'),
('10165', 'Chris', 'Newberg'),
('10166', 'Steve', 'Zahn'),
('10169', 'Rainn', 'Wilson'),
('10170', 'Josh', 'Gad'),
('10172', 'Andy', 'Saberg'),
('10173', 'Isla', 'Fisher'),
('10174', 'Ian', 'McShane'),
('10175', 'James', 'Buckley'),
('10176', 'Blake', 'Harrison'),
('10177', 'Joe', 'Thomas'),
('10178', 'Tom', 'Green'),
('10179', 'Rip', 'Torn'),
('10180', 'Marisa', 'Couglan'),
('10181', 'Arsenio', 'Hall'),
('10182', 'Tommy', 'Davidson'),
('10183', 'Phyillis', 'Applegate'),
('10185', 'Russel', 'Brand'),
('10186', 'Elisabeth', 'Moss'),
('10187', 'Method', 'Man'),
('10188', 'Redman', 'Redman'),
('10189', 'Obba', 'Babatunde'),
('10191', 'Burt', 'Reynolds'),
('10194', 'Anna', 'Farris'),
('10195', 'Ray', 'Liotta'),
('10197', 'Lance', 'Croutner'),
('10198', 'J.B.', 'Smoove'),
('10204', 'Chrstine', 'Taylor'),
('10207', 'Rashida', 'Jones'),
('10212', 'Jenna', 'Fischer'),
('10213', 'David', 'Krumholtz'),
('10217', 'Scott', 'Mechlowicz'),
('10218', 'Jacob', 'Pitts'),
('10219', 'Michelle', 'Trachtenberg'),
('10222', 'Derek', 'Jeter'),
('10224', 'Emilio', 'Rivera'),
('10225', 'Gina', 'Piana'),
('10227', 'James', 'Caan'),
('10228', 'Bob', 'Newhart'),
('10229', 'Will', 'Adamsdale'),
('10230', 'Riz', 'Ahmed'),
('10231', 'Adeel', 'Akhtar'),
('10232', 'Mike', 'Myers'),
('10233', 'Beyonce', 'Knowles'),
('10235', 'John', 'Heder'),
('10236', 'Efren', 'Ramirez'),
('10237', 'Jon', 'Gries'),
('10238', 'Marlon', 'Brando'),
('10243', 'Robert', 'Duvall'),
('10244', 'Christian', 'Bale'),
('10246', 'Aaron', 'Eckhart'),
('10248', 'Uma', 'Thurman'),
('10249', 'Samuel', 'Jackson'),
('10252', 'Val', 'Kilmer'),
('10253', 'Jean', 'Reno'),
('10254', 'Gary', 'Oldman'),
('10255', 'Natalie', 'Portman'),
('10256', 'Russell', 'Croew'),
('10258', 'Connie', 'Nielsen'),
('10261', 'Ben', 'Kingsley'),
('10262', 'Leondardo', 'DiCaprio'),
('10265', 'Don', 'Cheadle'),
('10267', 'Thandle', 'Newton'),
('10270', 'Tom', 'Sizemore'),
('10274', 'Tim', 'Robbins'),
('10276', 'Bob', 'Gunton'),
('10279', 'Vincent', 'Cassel'),
('10280', 'Brad', 'Pitt'),
('10281', 'Edward', 'Norton'),
('10282', 'Meat', 'Loaf'),
('10283', 'Tommy', 'Jones'),
('10284', 'Javier', 'Bardem'),
('10285', 'Josh', 'Brolin'),
('10286', 'Audrey', 'Tatou'),
('10287', 'Gaspad', 'Ulliel'),
('10288', 'Jodie', 'Foster'),
('10289', 'Mohammad', 'Naji'),
('10290', 'Amir', 'Hashemian'),
('10291', 'Bahare', 'Seddiqi'),
('10292', 'Clint', 'Eastwood'),
('10293', 'Bee', 'Vang'),
('10294', 'Christopher', 'Carley'),
('10296', 'Cathy', 'Moriarty'),
('10297', 'Joe', 'Pesci'),
('10298', 'Tim', 'Roth'),
('10299', 'Pruitt', 'Vince'),
('10300', 'Bill', 'Nunn'),
('10301', 'Monica', 'Bellucci'),
('10302', 'Gluseppe', 'Suffaro'),
('10303', 'Luciano', 'Federico'),
('10306', 'Todd', 'Field'),
('10307', 'William', 'Holden'),
('10308', 'Don', 'Taylor'),
('10309', 'Otto', 'Preminger'),
('10311', 'Michael', 'Duncan'),
('10312', 'David', 'Morse'),
('10313', 'Naomi', 'Watts'),
('10314', 'Laura', 'Harring'),
('10315', 'Justin', 'Theoroux'),
('10316', 'Hillary', 'Swank'),
('10320', 'John', 'Cazale'),
('10321', 'Penelope', 'Allen'),
('10325', 'Adrien', 'Brody'),
('10326', 'Thomas', 'Kretschmann'),
('10327', 'Frank', 'Finlay'),
('10328', 'Emillio', 'Echevarria'),
('10329', 'Gael', 'Bernai'),
('10330', 'Goya', 'Toledo'),
('10332', 'Gerard', 'Depardieu'),
('10333', 'Dominque', 'Sanda'),
('10335', 'Louise', 'Fletcher'),
('10336', 'Michael', 'Berryman'),
('10338', 'Robin', 'Wright'),
('10339', 'Gary', 'Sinise'),
('10340', 'Jean-Marc', 'Barr'),
('10342', 'Rosanna', 'Arquette'),
('10344', 'Gabriel', 'Byrne'),
('10345', 'Chazz', 'Palminiteri'),
('10346', 'Tony', 'Chiu-Wai'),
('10347', 'Maggie', 'Cheung'),
('10348', 'Ping', 'Siu'),
('10351', 'Thora', 'Birch'),
('10353', 'Shelley', 'Duvall'),
('10354', 'Danny', 'Lloyd'),
('10355', 'Steve', 'McQueen'),
('10356', 'Dustin', 'Hoffman'),
('10357', 'Victor', 'Jory'),
('10359', 'Michael', 'Keaton'),
('10362', 'Michelle', 'Pfeiffer'),
('10363', 'Steven', 'Bauer'),
('10364', 'Kevin', 'Costner'),
('10365', 'Mary', 'McDonnell'),
('10366', 'Graham', 'Greene'),
('10369', 'Daniel', 'Day-Lewis'),
('10371', 'Murray', 'Abraham'),
('10372', 'Mathieu', 'Amairic'),
('10374', 'Tom', 'Hardy'),
('10375', 'Will', 'Poultier'),
('10377', 'Benico', 'Toro'),
('10379', 'Bruno', 'Ganz'),
('10380', 'Alexandra', 'Lara'),
('10381', 'Ulrich', 'Matthes'),
('10383', 'Jamie', 'Foxx'),
('10384', 'Jada', 'Smith'),
('10387', 'Penelope', 'Miller'),
('10392', 'James', 'Woods'),
('10393', 'Elizabeth', 'McGovern'),
('10394', 'Ellen', 'Bustyn'),
('10395', 'Jared', 'Leto'),
('10396', 'Jennifer', 'Conneily'),
('10397', 'Omar', 'Sharif'),
('10398', 'Julie', 'Christie'),
('10399', 'Geraldine', 'Chaplin'),
('10402', 'Cybill', 'Shepherd'),
('10404', 'John', 'Randolph'),
('10405', 'Jack', 'Kehoe'),
('10406', 'Peyman', 'Moaadi'),
('10407', 'Lella', 'Hatami'),
('10408', 'Sareh', 'Bayat'),
('10409', 'Mads', 'Mikkelsen'),
('10410', 'Thomas', 'Larsen'),
('10411', 'Annika', 'Wedderkopp'),
('10413', 'Hugh', 'Jackman'),
('10416', 'Faye', 'Dunaway'),
('10417', 'John', 'Huston'),
('10419', 'Marisa', 'Tomei'),
('10420', 'Evan', 'Wood'),
('10422', 'Paul', 'Dano'),
('10423', 'Ciaran', 'Hinds'),
('10424', 'Mel', 'Gibson'),
('10425', 'Sophie', 'Marceau'),
('10426', 'Patrick', 'McGoohan'),
('10431', 'Alec', 'Guinness'),
('10432', 'Jack', 'Hawkins'),
('40001', 'Bob', 'Hoskins'),
('40002', 'Bridget', 'Fonda'),
('40003', 'James', 'Cromwell'),
('40004', 'Magda', 'Szubanski'),
('40005', 'Christine', 'Cavanaugh'),
('40006', 'Bill', 'Farmer'),
('40007', 'Jason', 'Marsden'),
('40008', 'Jim', 'Cummings'),
('40009', 'Liesel', 'Matthers'),
('40010', 'Eleanor', 'Bron'),
('40011', 'Liam', 'Cunningham'),
('40012', 'Danny', 'DeVito'),
('40013', 'Rhea', 'Perlman'),
('40014', 'Mara', 'Wilson'),
('40015', 'Demi', 'Moore'),
('40017', 'Tom', 'Hulce'),
('40018', 'Paul', 'Terry'),
('40019', 'Joanna', 'Lumley'),
('40020', 'Pete', 'Postlethwaite'),
('40022', 'John', 'Cusack'),
('40023', 'Christopher', 'Lloyd'),
('40024', 'Tate', 'Donovan'),
('40025', 'Susan', 'Egan'),
('40028', 'Dave', 'Foley'),
('40029', 'Julia', 'Louis-Dreyfus'),
('40030', 'Ming-Na', 'Wen'),
('40031', 'Eddie', 'Murphy'),
('40032', 'Lea', 'Salonga'),
('40036', 'Woody', 'Allen'),
('40037', 'Sharon', 'Stone'),
('40038', 'Gene', 'Hackman'),
('40039', 'Tony', 'Goldwyn'),
('40040', 'Minnie', 'Driver'),
('40041', 'Brian', 'Blessed'),
('40042', 'Eli', 'Marienthal'),
('40043', 'Harry', 'Connick'),
('40047', 'Joan', 'Cusack'),
('40049', 'Chris', 'Cooper'),
('40050', 'Laura', 'Dern'),
('40051', 'David', 'Spade'),
('40053', 'Eartha', 'Kitt'),
('40055', 'Julia', 'Sawalha'),
('40056', 'Phil', 'Daniels'),
('40059', 'Rosie', 'Perez'),
('40064', 'Jim', 'Varney'),
('40065', 'Corey', 'Burton'),
('40066', 'Daveigh', 'Chase'),
('40067', 'Suzanne', 'Pleshette'),
('40069', 'Billy', 'Crystal'),
('40071', 'Mary', 'Gibbs'),
('40072', 'Daniel', 'Radcliffe'),
('40074', 'Rupert', 'Grint'),
('40077', 'Martin', 'Short'),
('40078', 'Denis', 'Leary'),
('40080', 'Ray', 'Romano'),
('40085', 'Chris', 'Sanders'),
('40086', 'Tia', 'Carrere'),
('40087', 'Albert', 'Brooks'),
('40088', 'Ellen', 'DeGeneres'),
('40089', 'Alexander', 'Gould'),
('40090', 'Shia', 'LaBeouf'),
('40091', 'Sigourney', 'Weaver'),
('40093', 'Jeremy', 'Sumpter'),
('40094', 'Jason', 'Isaacs'),
('40095', 'Olivia', 'Williams'),
('40096', 'Joaquin', 'Pheonix'),
('40097', 'Jeremy', 'Suarex'),
('40098', 'Rick', 'Moranis'),
('40099', 'Haley Joel', 'Osment'),
('40101', 'Robert', 'Duball'),
('40102', 'Will', 'Ferrell'),
('40108', 'Craig T.', 'Nelson'),
('40110', 'Holly', 'Hunter'),
('40111', 'Nicolas', 'Cage'),
('40112', 'Diane', 'Kruger'),
('40114', 'Jean', 'Simmons'),
('40116', 'Lauren', 'Bacall'),
('40117', 'Jim', 'Carrey'),
('40124', 'Chris', 'Coppola'),
('40125', 'Michael', 'Jeter'),
('40126', 'Johnny', 'Depp'),
('40127', 'Helena', 'Bonham Carter'),
('40128', 'Emily', 'Watson'),
('40132', 'Tilda', 'Swinton'),
('40133', 'Georgie', 'Henley'),
('40134', 'William', 'Moseley'),
('40137', 'Angela', 'Lansbury'),
('40140', 'Bruce', 'Greenwood'),
('40145', 'Bonnie', 'Hunter'),
('40146', 'Paul', 'Newman'),
('40147', 'Bruce', 'Willis'),
('40149', 'Steve', 'Carrell'),
('40150', 'Mitchel', 'Musso'),
('40151', 'Sam', 'Lerner'),
('40152', 'Spencer', 'Locke'),
('40153', 'Daniel', 'Hansen'),
('40154', 'Wesley', 'Singerman'),
('40155', 'Angela', 'Bassett'),
('40159', 'Brad', 'Garrett'),
('40160', 'Lou', 'Romano'),
('40161', 'Patton', 'Oswalt'),
('40168', 'Josh', 'Hutcherson'),
('40169', 'AnnaSophia', 'Robb'),
('40173', 'Jon', 'Heder'),
('40176', 'Angelina', 'Jolie'),
('40179', 'Eric', 'Dane'),
('40180', 'Benn', 'Burtt'),
('40181', 'Elissa', 'Knight'),
('40182', 'Fred', 'Willard'),
('40183', 'Cate', 'Blanchett'),
('40187', 'Miley', 'Cyrus'),
('40188', 'Susie', 'Essman'),
('40194', 'Bruce', 'Campbell'),
('40198', 'Max', 'Records'),
('40199', 'Catherine', 'O\'Hara'),
('40200', 'Forest', 'Whitaker'),
('40201', 'Dakota', 'Fanning'),
('40202', 'Teri', 'Hatcher'),
('40203', 'John', 'Hodgman'),
('40204', 'Edward', 'Asner'),
('40205', 'Jordan', 'Nagai'),
('40206', 'John', 'Ratzenberger'),
('40207', 'Anika', 'Noni Rose'),
('40208', 'Keith', 'David'),
('40209', 'Oprah', 'Winfrey'),
('40213', 'Jay', 'Baruchel'),
('40217', 'Zachary', 'Levi'),
('40218', 'Donna', 'Murphy'),
('40227', 'Russell', 'Brand'),
('40230', 'Tina', 'Fey'),
('40231', 'Bridgit', 'Mendler'),
('40232', 'Amy', 'Poehler'),
('40233', 'Will', 'Arnett'),
('40237', 'Asa', 'Butterfield'),
('40238', 'Chloe Grace', 'Moretz'),
('40239', 'Christopher', 'Lee'),
('40240', 'Jamie', 'Bell'),
('40241', 'Andy', 'Serkis'),
('40242', 'Daniel', 'Craig'),
('40245', 'Jackie', 'Chan'),
('40248', 'Timothy', 'Olyphant'),
('40251', 'Andy', 'Samberg'),
('40252', 'Kodi', 'Smit-McPhee'),
('40255', 'Kelly', 'Macdonald'),
('40256', 'Billy', 'Connolly'),
('40261', 'John C.', 'Reilly'),
('40262', 'Jack', 'McBrayer'),
('40263', 'Jane', 'Lynch'),
('40264', 'Winona', 'Ryder'),
('40274', 'Idina', 'Menzel'),
('40275', 'Jonathan', 'Groff'),
('40282', 'Diego', 'Luna'),
('40283', 'Zoe', 'Saldana'),
('40291', 'Ryan', 'Potter'),
('40292', 'Scott', 'Adsit'),
('40293', 'Jamie', 'Chung'),
('40294', 'Hugh', 'Bonneville'),
('40295', 'Sally', 'Hawkins'),
('40296', 'Julie', 'Walters'),
('40298', 'Elle', 'Fanning'),
('40299', 'Sharlto', 'Copley'),
('40300', 'Noah', 'Schnapp'),
('40301', 'Bill', 'Melendez'),
('40302', 'Hadley Belle', 'Miller'),
('40303', 'Lily', 'James'),
('40304', 'Richard', 'Madden'),
('40308', 'Lewis', 'Black'),
('40309', 'Jeff', 'Bridges'),
('40310', 'Mackenzie', 'Foy'),
('40312', 'Eddie', 'Redmayne'),
('40313', 'Katherine', 'Waterston'),
('40314', 'Alison', 'Sudol'),
('40315', 'Neel', 'Sethi'),
('40320', 'Ed', 'O\'Neill'),
('40323', 'Idris', 'Elba'),
('40324', 'Charlize', 'Theron'),
('40325', 'Art', 'Parkinson'),
('40327', 'Auli\'I', 'Cravalho'),
('40328', 'Dwayne', 'Johnson'),
('40329', 'Rachel', 'House'),
('40330', 'Elijah', 'Wood'),
('40331', 'Viggo', 'Mortensen'),
('40332', 'Ian', 'McKellen'),
('40335', 'Orlando', 'Bloom'),
('40336', 'Mark', 'Hamill'),
('40338', 'Carrie', 'Fisher'),
('40342', 'Billy', 'Crudup'),
('40343', 'Billy Bob', 'Thornton'),
('40345', 'Ivana', 'Baquero'),
('40346', 'Ariadna', 'Gil'),
('40347', 'Sergio', 'Lopez'),
('40348', 'Daisy', 'Ridley'),
('40349', 'John', 'Boyega'),
('40350', 'Oscar', 'Isaac'),
('40351', 'Cary', 'Elwes'),
('40352', 'Mandy', 'Patinkin'),
('40354', 'Ewan', 'McGregor'),
('40355', 'Albert', 'Finney'),
('40357', 'David Lee', 'Smith'),
('40358', 'Tony', 'Todd'),
('40359', 'John', 'Billingsley'),
('40362', 'Richard', 'Armitage'),
('40366', 'Suraj', 'Sharma'),
('40367', 'Irrfan', 'Kham'),
('40368', 'Adil', 'Hussain'),
('40371', 'Dianne', 'Wiest'),
('40373', 'Sarah', 'Polley'),
('40375', 'Lee', 'Pace'),
('40376', 'Catinca', 'Untaru'),
('40377', 'Justine', 'Waddell'),
('40378', 'Yun-Fat', 'Chow'),
('40379', 'Michelle', 'Yeoh'),
('40380', 'Ziyi', 'Zhang'),
('40381', 'Sam', 'Worthington'),
('40385', 'Dan', 'Aykroyd'),
('40393', 'Benedict', 'Cumberbatch'),
('40394', 'Chiwetel', 'Ejiofor'),
('40397', 'Lena', 'Headey'),
('40398', 'David', 'Wenham'),
('40401', 'Kathy', 'Bates'),
('40404', 'Antonio', 'Banderas'),
('40412', 'Geena', 'Davis'),
('40414', 'Patrick', 'Stewart'),
('40416', 'Halle', 'Berry'),
('40420', 'Noah', 'Hathaway'),
('40421', 'Barret', 'Oliver'),
('40422', 'Tami', 'Stronach'),
('40423', 'David', 'Bowie'),
('40425', 'Toby', 'Froud'),
('40427', 'Christina', 'Ricci'),
('40428', 'Miranda', 'Richardson'),
('40431', 'Jon', 'Daly'),
('40436', 'Scott', 'Speedman'),
('40437', 'Shane', 'Brolly'),
('40438', 'Chris', 'Hemsworth'),
('40439', 'Anthony', 'Hopkins'),
('40441', 'Brendan', 'Fraser'),
('40442', 'Rachel', 'Weisz'),
('40443', 'John', 'Hannah'),
('40444', 'Patrick', 'Swayze'),
('40448', 'Karen', 'Allen'),
('40449', 'John', 'Forsythe'),
('40451', 'Mireille', 'Enos'),
('40452', 'Jamie', 'Blackley'),
('40453', 'Anjelica', 'Huston'),
('40454', 'Raul', 'Julia'),
('40456', 'Christopher', 'Plummer'),
('40457', 'Lily', 'Cole'),
('40460', 'James', 'McAvoy'),
('40463', 'Freddie', 'Highmore'),
('40464', 'David', 'Kelly'),
('40465', 'Hayden', 'Christensen'),
('40470', 'Saoirse', 'Ronan'),
('40475', 'Katie', 'Holmes'),
('40476', 'Keanu', 'Reeves'),
('40477', 'Bette', 'Midler'),
('40478', 'Sarah Jessica', 'Parker'),
('40479', 'Kathy', 'Najimy'),
('40482', 'Andre', 'Braugher'),
('40485', 'Donal', 'Logue'),
('40486', 'Rhona', 'Mitra'),
('40488', 'Bill', 'Nighy'),
('40489', 'Ben', 'Barnes'),
('40490', 'Skandar', 'Keynes'),
('40493', 'Gemma', 'Arterton'),
('40496', 'Sarah', 'Bolger'),
('40497', 'David', 'Strathairn'),
('40504', 'Mia', 'Wasikowska'),
('40508', 'Kim', 'Basinger'),
('40509', 'Charlie', 'Tahan'),
('40511', 'Toby', 'Jones'),
('40514', 'David', 'Morrissey'),
('40515', 'Alex', 'Etel'),
('40517', 'Cher', ''),
('40520', 'Michael', 'Ealy'),
('40521', 'India', 'Eisley'),
('40522', 'Mark', 'Rylance'),
('40523', 'Ruby', 'Barnhill'),
('40524', 'Penelope', 'Wilton'),
('40527', 'Christopher', 'Walken'),
('40530', 'Goldie', 'Hawn'),
('40533', 'Live', 'Schreiber'),
('40534', 'Ricky', 'Gervais'),
('40541', 'Judge', 'Reinhold'),
('40542', 'Wendy', 'Crewson'),
('40547', 'Michelle', 'Williams'),
('40552', 'Michael', 'Jordan'),
('40553', 'Wayne', 'Knight'),
('40554', 'Theresa', 'Randle'),
('40559', 'Hugh', 'Dancy'),
('40561', 'Samaire', 'Armstrong'),
('40562', 'Kevin', 'Zegers'),
('40563', 'Sherry', 'Miller'),
('40565', 'Stanley', 'Tucci'),
('40569', 'Rebecca', 'Hall'),
('40572', 'Eva', 'Green'),
('40575', 'Stockard', 'Channing'),
('40577', 'Daryl', 'Hannah'),
('40578', 'Eugene', 'Levy'),
('40582', 'Emily', 'Browning'),
('40583', 'Vanessa', 'Hudgens'),
('40584', 'Abbie', 'Cornish'),
('40587', 'Dakota', 'Blue Richards'),
('40589', 'Keri', 'Russell'),
('40590', 'Courteney', 'Cox'),
('40593', 'Alfred', 'Molina'),
('40595', 'Jonah', 'Bobo'),
('40599', 'Eliza', 'Bennett'),
('40601', 'Susanna', 'Thompson'),
('40602', 'Joe', 'Morton'),
('40603', 'Matthew', 'Broderick'),
('40608', 'Chris', 'Pine');

-- --------------------------------------------------------

--
-- Table structure for table `actsin`
--

CREATE TABLE `actsin` (
  `MOVIE_ID` char(5) NOT NULL DEFAULT '',
  `ACTOR_ID` char(5) NOT NULL DEFAULT ''
) ENGINE=InnoDB DEFAULT CHARSET=latin1;

--
-- Dumping data for table `actsin`
--

INSERT INTO `actsin` (`MOVIE_ID`, `ACTOR_ID`) VALUES
('00002', '00004'),
('00002', '00005'),
('00002', '00006'),
('00003', '00007'),
('00003', '00008'),
('00003', '00009'),
('00004', '00010'),
('00004', '00011'),
('00004', '00012'),
('00005', '00013'),
('00005', '00014'),
('00005', '00015'),
('00006', '00016'),
('00006', '00017'),
('00006', '00018'),
('00007', '00019'),
('00007', '00020'),
('00007', '00021'),
('00008', '00022'),
('00008', '00023'),
('00008', '00024'),
('00009', '00025'),
('00009', '00026'),
('00009', '00027'),
('00010', '00028'),
('00010', '00029'),
('00010', '00030'),
('00011', '00011'),
('00011', '00016'),
('00011', '00031'),
('00012', '00032'),
('00012', '00033'),
('00012', '00034'),
('00013', '00035'),
('00013', '00036'),
('00013', '00037'),
('00014', '00038'),
('00014', '00039'),
('00014', '00040'),
('00015', '00041'),
('00015', '00042'),
('00015', '00043'),
('00016', '00044'),
('00016', '00045'),
('00016', '00046'),
('00017', '00047'),
('00017', '00048'),
('00017', '00049'),
('00018', '00028'),
('00018', '00037'),
('00018', '00050'),
('00019', '00034'),
('00019', '00051'),
('00019', '00052'),
('00020', '00053'),
('00020', '00054'),
('00020', '00055'),
('00021', '00056'),
('00021', '00057'),
('00021', '00058'),
('00022', '00035'),
('00022', '00059'),
('00022', '00060'),
('00023', '00061'),
('00023', '00062'),
('00023', '00063'),
('00024', '00063'),
('00024', '00064'),
('00024', '00065'),
('00025', '00048'),
('00025', '00066'),
('00025', '00067'),
('00026', '00016'),
('00026', '00068'),
('00026', '00069'),
('00027', '00070'),
('00027', '00071'),
('00027', '00072'),
('00028', '00013'),
('00028', '00073'),
('00028', '00074'),
('00029', '00075'),
('00029', '00076'),
('00029', '00077'),
('00030', '00050'),
('00030', '00078'),
('00030', '00079'),
('00031', '00080'),
('00031', '00081'),
('00031', '00082'),
('00032', '00038'),
('00032', '00083'),
('00032', '00084'),
('00033', '00085'),
('00033', '00086'),
('00033', '00087'),
('00034', '00088'),
('00034', '00089'),
('00034', '00090'),
('00035', '00021'),
('00035', '00059'),
('00035', '00091'),
('00036', '00092'),
('00036', '00093'),
('00036', '00094'),
('00037', '00080'),
('00037', '00095'),
('00037', '00096'),
('00038', '00097'),
('00038', '00098'),
('00038', '00099'),
('00039', '00059'),
('00039', '00100'),
('00039', '00101'),
('00040', '00102'),
('00040', '00103'),
('00040', '00104'),
('00041', '00059'),
('00041', '00105'),
('00041', '00106'),
('00042', '00107'),
('00042', '00108'),
('00042', '00109'),
('00043', '00021'),
('00043', '00110'),
('00043', '00111'),
('00044', '00112'),
('00044', '00113'),
('00044', '00114'),
('00045', '00115'),
('00045', '00116'),
('00045', '00117'),
('00046', '00118'),
('00046', '00119'),
('00046', '00120'),
('00047', '00121'),
('00047', '00122'),
('00047', '00123'),
('00048', '00047'),
('00048', '00048'),
('00048', '00124'),
('00049', '00125'),
('00049', '00126'),
('00049', '00127'),
('00050', '00128'),
('00050', '00129'),
('00050', '00130'),
('00051', '00131'),
('00051', '00132'),
('00051', '00133'),
('00052', '00118'),
('00052', '00134'),
('00052', '00135'),
('00053', '00003'),
('00053', '00136'),
('00053', '00137'),
('00054', '00080'),
('00054', '00138'),
('00054', '00139'),
('00055', '00140'),
('00055', '00141'),
('00055', '00142'),
('00056', '00143'),
('00056', '00144'),
('00056', '00145'),
('00057', '00143'),
('00057', '00146'),
('00057', '00147'),
('00058', '00148'),
('00058', '00149'),
('00058', '00150'),
('00059', '00011'),
('00059', '00037'),
('00059', '00151'),
('00060', '00041'),
('00060', '00135'),
('00060', '00152'),
('00061', '00153'),
('00061', '00154'),
('00061', '00155'),
('00062', '00156'),
('00062', '00157'),
('00062', '00158'),
('00063', '00003'),
('00063', '00159'),
('00063', '00160'),
('00064', '00017'),
('00064', '00161'),
('00064', '00163'),
('00065', '00095'),
('00065', '00164'),
('00065', '00165'),
('00066', '00166'),
('00066', '00167'),
('00066', '00168'),
('00067', '00003'),
('00067', '00169'),
('00067', '00170'),
('00068', '00160'),
('00068', '00171'),
('00068', '00172'),
('00069', '00173'),
('00069', '00174'),
('00069', '00175'),
('00070', '00107'),
('00070', '00108'),
('00070', '00176'),
('00071', '00177'),
('00071', '00178'),
('00071', '00179'),
('00072', '00058'),
('00072', '00180'),
('00072', '00181'),
('00073', '00013'),
('00073', '00182'),
('00073', '00183'),
('00074', '00041'),
('00074', '00184'),
('00074', '00185'),
('00075', '00154'),
('00075', '00160'),
('00075', '00186'),
('00076', '00146'),
('00076', '00187'),
('00076', '00188'),
('00077', '00189'),
('00077', '00190'),
('00077', '00191'),
('00078', '00089'),
('00078', '00127'),
('00078', '00192'),
('00079', '00096'),
('00079', '00160'),
('00079', '00193'),
('00080', '00143'),
('00080', '00175'),
('00080', '00194'),
('00081', '00119'),
('00081', '00136'),
('00081', '00187'),
('00082', '00195'),
('00082', '00196'),
('00082', '00197'),
('00083', '00134'),
('00083', '00198'),
('00083', '00199'),
('00084', '00041'),
('00084', '00047'),
('00084', '00111'),
('00085', '00200'),
('00085', '00201'),
('00085', '00202'),
('00086', '00179'),
('00086', '00203'),
('00086', '00204'),
('00087', '00205'),
('00087', '00206'),
('00087', '00207'),
('00088', '00118'),
('00088', '00143'),
('00088', '00208'),
('00089', '00078'),
('00089', '00209'),
('00089', '00210'),
('00090', '00211'),
('00090', '00212'),
('00090', '00213'),
('00091', '00016'),
('00091', '00214'),
('00091', '00215'),
('00092', '00138'),
('00092', '00164'),
('00092', '00216'),
('00093', '00118'),
('00093', '00217'),
('00093', '00218'),
('00094', '00219'),
('00094', '00220'),
('00094', '00221'),
('00095', '00193'),
('00095', '00222'),
('00095', '00223'),
('00096', '00171'),
('00096', '00224'),
('00096', '00225'),
('00097', '00037'),
('00097', '00226'),
('00097', '00227'),
('00098', '00211'),
('00098', '00219'),
('00098', '00228'),
('00099', '00047'),
('00099', '00048'),
('00099', '00229'),
('00100', '00220'),
('00100', '00230'),
('00100', '00231'),
('00101', '00232'),
('00101', '00233'),
('00101', '00234'),
('00102', '00235'),
('00102', '00237'),
('00103', '00238'),
('00103', '00239'),
('00103', '00240'),
('00104', '00140'),
('00104', '00241'),
('00104', '00242'),
('00105', '00243'),
('00105', '00244'),
('00105', '00245'),
('00106', '00246'),
('00106', '00247'),
('00106', '00248'),
('00107', '00249'),
('00107', '00250'),
('00107', '00251'),
('00108', '00021'),
('00108', '00252'),
('00108', '00253'),
('00109', '00204'),
('00109', '00226'),
('00109', '00232'),
('00110', '00210'),
('00110', '00254'),
('00110', '00255'),
('00111', '00256'),
('00111', '00257'),
('00111', '00258'),
('00112', '00259'),
('00112', '00260'),
('00112', '00261'),
('00113', '00262'),
('00113', '00263'),
('00113', '00264'),
('00114', '00265'),
('00114', '00266'),
('00114', '00267'),
('00115', '00268'),
('00115', '00269'),
('00115', '00270'),
('00116', '00271'),
('00116', '00272'),
('00116', '00273'),
('00117', '00274'),
('00117', '00275'),
('00117', '00276'),
('00118', '00277'),
('00119', '00278'),
('00119', '00279'),
('00119', '00280'),
('00120', '00281'),
('00120', '00282'),
('00120', '00283'),
('00121', '00284'),
('00121', '00285'),
('00121', '00286'),
('00122', '00287'),
('00122', '00288'),
('00122', '00289'),
('00123', '00290'),
('00123', '00291'),
('00123', '00292'),
('00124', '00293'),
('00124', '00294'),
('00124', '00295'),
('00125', '00265'),
('00125', '00296'),
('00125', '00297'),
('00126', '00298'),
('00126', '00299'),
('00126', '00300'),
('00127', '00105'),
('00127', '00301'),
('00127', '00302'),
('00128', '00303'),
('00128', '00304'),
('00128', '00305'),
('00129', '00306'),
('00129', '00307'),
('00129', '00308'),
('00130', '00309'),
('00131', '00310'),
('00131', '00311'),
('00131', '00312'),
('00132', '00313'),
('00132', '00314'),
('00132', '00315'),
('00133', '00316'),
('00133', '00317'),
('00133', '00318'),
('00134', '00319'),
('00134', '00320'),
('00134', '00321'),
('00135', '00288'),
('00135', '00322'),
('00135', '00323'),
('00136', '00324'),
('00136', '00325'),
('00136', '00326'),
('00137', '00105'),
('00137', '00327'),
('00137', '00328'),
('00138', '00329'),
('00139', '00330'),
('00139', '00331'),
('00139', '00332'),
('00140', '00333'),
('00140', '00334'),
('00140', '00335'),
('00141', '00336'),
('00141', '00337'),
('00141', '00338'),
('00142', '00339'),
('00142', '00340'),
('00142', '00341'),
('00143', '00342'),
('00143', '00343'),
('00143', '00344'),
('00144', '00345'),
('00144', '00346'),
('00144', '00347'),
('00145', '00348'),
('00145', '00349'),
('00145', '00350'),
('00146', '00351'),
('00146', '00352'),
('00146', '00353'),
('00147', '00354'),
('00147', '00355'),
('00147', '00356'),
('00148', '00357'),
('00148', '00358'),
('00148', '00359'),
('00149', '00300'),
('00149', '00360'),
('00149', '00361'),
('00150', '00362'),
('00150', '00363'),
('00150', '00364'),
('00151', '00365'),
('00151', '00366'),
('00151', '00367'),
('00152', '00368'),
('00152', '00369'),
('00152', '00370'),
('00153', '00371'),
('00153', '00372'),
('00153', '00373'),
('00154', '00374'),
('00154', '00375'),
('00154', '00376'),
('00155', '00377'),
('00155', '00378'),
('00155', '00379'),
('00156', '00380'),
('00156', '00381'),
('00156', '00382'),
('00157', '00038'),
('00157', '00383'),
('00157', '00384'),
('00158', '00385'),
('00158', '00386'),
('00158', '00387'),
('00159', '00388'),
('00159', '00389'),
('00159', '00390'),
('00160', '00391'),
('00160', '00392'),
('00160', '00393'),
('00161', '00288'),
('00161', '00394'),
('00161', '00395'),
('00162', '00396'),
('00162', '00397'),
('00162', '00398'),
('00163', '00138'),
('00164', '00399'),
('00164', '00400'),
('00164', '00401'),
('00165', '00402'),
('00165', '00403'),
('00165', '00404'),
('00166', '00405'),
('00166', '00406'),
('00166', '00407'),
('00167', '00408'),
('00167', '00409'),
('00167', '00410'),
('00168', '00411'),
('00168', '00412'),
('00168', '00413'),
('00169', '00414'),
('00169', '00415'),
('00169', '00416'),
('00170', '00417'),
('00170', '00418'),
('00170', '00419'),
('00171', '00420'),
('00171', '00421'),
('00171', '00422'),
('00172', '00383'),
('00172', '00424'),
('00172', '00425'),
('00173', '00288'),
('00173', '00426'),
('00173', '00427'),
('00174', '00428'),
('00174', '00429'),
('00174', '00430'),
('00175', '00431'),
('00175', '00432'),
('00175', '00433'),
('00176', '00434'),
('00176', '00435'),
('00176', '00436'),
('00177', '00437'),
('00177', '00438'),
('00177', '00439'),
('00178', '00440'),
('00178', '00441'),
('00178', '00442'),
('00179', '00443'),
('00179', '00444'),
('00179', '00445'),
('00180', '00446'),
('00180', '00447'),
('00180', '00448'),
('00181', '00449'),
('00181', '00450'),
('00181', '00451'),
('00182', '00452'),
('00182', '00453'),
('00182', '00454'),
('00183', '00265'),
('00183', '00455'),
('00183', '00456'),
('00184', '00383'),
('00184', '00457'),
('00184', '00458'),
('00185', '00174'),
('00185', '00460'),
('00185', '00461'),
('00186', '00462'),
('00186', '00463'),
('00186', '00464'),
('00187', '00465'),
('00187', '00466'),
('00187', '00467'),
('00188', '00468'),
('00188', '00469'),
('00188', '00470'),
('00189', '00471'),
('00189', '00472'),
('00189', '00473'),
('00190', '00288'),
('00190', '00474'),
('00190', '00475'),
('00191', '00476'),
('00191', '00477'),
('00191', '00478'),
('00192', '00288'),
('00192', '00479'),
('00192', '00480'),
('00193', '00481'),
('00193', '00482'),
('00193', '00483'),
('00194', '00484'),
('00194', '00485'),
('00194', '00486'),
('00195', '00487'),
('00195', '00488'),
('00195', '00489'),
('00196', '00490'),
('00196', '00491'),
('00196', '00492'),
('00197', '00493'),
('00197', '00494'),
('00197', '00495'),
('00198', '00496'),
('00198', '00497'),
('00198', '00498'),
('00199', '00499'),
('00199', '00500'),
('00199', '00501'),
('00200', '00502'),
('00200', '00503'),
('00200', '00504'),
('00201', '00505'),
('00201', '00506'),
('00201', '00507'),
('00202', '00508'),
('00202', '00509'),
('00202', '00510'),
('00203', '00511'),
('00203', '00512'),
('00203', '00513'),
('00204', '00514'),
('00204', '00515'),
('00204', '00516'),
('00205', '00517'),
('00205', '00518'),
('00205', '00519'),
('00206', '00520'),
('00206', '00521'),
('00206', '00522'),
('00207', '00523'),
('00207', '00524'),
('00207', '00525'),
('00208', '00526'),
('00208', '00527'),
('00208', '00528'),
('00209', '00529'),
('00209', '00530'),
('00209', '00531'),
('00210', '00532'),
('00210', '00533'),
('00210', '00534'),
('00211', '00535'),
('00211', '00536'),
('00211', '00537'),
('00212', '00538'),
('00212', '00539'),
('00212', '00540'),
('00213', '00541'),
('00213', '00542'),
('00213', '00543'),
('00214', '00544'),
('00214', '00545'),
('00215', '00546'),
('00215', '00547'),
('00215', '00548'),
('00216', '00549'),
('00216', '00550'),
('00216', '00551'),
('00217', '00552'),
('00217', '00553'),
('00217', '00554'),
('00218', '00555'),
('00218', '00556'),
('00218', '00557'),
('00219', '00274'),
('00219', '00558'),
('00219', '00560'),
('00220', '00561'),
('00220', '00562'),
('00220', '00563'),
('1', '00001'),
('1', '00002'),
('1', '00003'),
('10000', '00075'),
('10000', '10001'),
('10000', '10002'),
('10001', '00051'),
('10001', '10003'),
('10001', '10004'),
('10002', '10006'),
('10002', '10007'),
('10002', '10008'),
('10003', '00052'),
('10003', '10009'),
('10003', '10010'),
('10004', '00029'),
('10004', '10012'),
('10004', '10014'),
('10005', '10015'),
('10005', '10016'),
('10005', '10017'),
('10006', '10018'),
('10006', '10019'),
('10006', '10020'),
('10007', '10021'),
('10007', '10022'),
('10007', '10023'),
('10008', '10024'),
('10008', '10025'),
('10008', '10026'),
('10009', '00015'),
('10009', '10027'),
('10009', '10029'),
('10010', '00209'),
('10010', '10031'),
('10010', '10032'),
('10011', '00189'),
('10011', '10033'),
('10011', '10034'),
('10012', '10036'),
('10012', '10037'),
('10012', '10038'),
('10013', '10039'),
('10013', '10040'),
('10013', '10041'),
('10014', '10042'),
('10014', '10043'),
('10014', '10044'),
('10015', '10045'),
('10015', '10046'),
('10015', '10047'),
('10016', '10039'),
('10016', '10048'),
('10017', '00136'),
('10017', '00199'),
('10017', '10049'),
('10018', '10052'),
('10018', '10053'),
('10018', '10054'),
('10019', '10055'),
('10019', '10056'),
('10019', '10057'),
('10020', '10058'),
('10020', '10059'),
('10020', '10060'),
('10021', '00050'),
('10021', '00151'),
('10021', '10063'),
('10022', '00125'),
('10022', '10064'),
('10022', '10065'),
('10023', '10067'),
('10023', '10068'),
('10023', '10069'),
('10024', '10070'),
('10024', '10071'),
('10024', '10072'),
('10025', '10073'),
('10025', '10074'),
('10025', '10075'),
('10026', '00081'),
('10026', '00135'),
('10026', '10049'),
('10027', '10079'),
('10027', '10080'),
('10027', '10081'),
('10028', '10049'),
('10028', '10083'),
('10028', '10084'),
('10029', '00081'),
('10029', '00196'),
('10029', '10069'),
('10030', '10088'),
('10030', '10089'),
('10030', '10090'),
('10031', '00371'),
('10031', '10038'),
('10031', '10093'),
('10032', '10052'),
('10032', '10053'),
('10032', '10096'),
('10033', '10097'),
('10033', '10098'),
('10033', '10099'),
('10034', '10100'),
('10034', '10101'),
('10034', '10102'),
('10035', '00049'),
('10035', '00050'),
('10035', '00135'),
('10036', '10106'),
('10036', '10107'),
('10036', '10108'),
('10037', '10109'),
('10037', '10110'),
('10037', '10111'),
('10038', '00151'),
('10038', '10113'),
('10038', '10114'),
('10039', '10115'),
('10039', '10116'),
('10039', '10117'),
('10041', '10121'),
('10041', '10122'),
('10041', '10123'),
('10042', '00209'),
('10042', '10125'),
('10042', '10126'),
('10043', '10127'),
('10043', '10128'),
('10043', '10129'),
('10044', '00003'),
('10044', '10065'),
('10044', '10132'),
('10046', '00112'),
('10046', '10065'),
('10046', '10138'),
('10047', '00182'),
('10047', '10055'),
('10047', '10141'),
('10048', '10142'),
('10048', '10143'),
('10048', '10144'),
('10049', '10145'),
('10049', '10146'),
('10049', '10147'),
('10050', '10065'),
('10050', '10115'),
('10050', '10116'),
('10051', '00200'),
('10051', '10151'),
('10051', '10153'),
('10052', '00238'),
('10052', '10036'),
('10052', '10154'),
('10053', '00187'),
('10053', '10157'),
('10053', '10159'),
('10054', '10160'),
('10054', '10161'),
('10054', '10162'),
('10055', '10163'),
('10055', '10164'),
('10055', '10165'),
('10056', '10044'),
('10056', '10154'),
('10056', '10166'),
('10057', '00199'),
('10057', '10169'),
('10057', '10170'),
('10058', '10172'),
('10058', '10173'),
('10058', '10174'),
('10059', '10175'),
('10059', '10176'),
('10059', '10177'),
('10060', '10178'),
('10060', '10179'),
('10060', '10180'),
('10061', '10181'),
('10061', '10182'),
('10061', '10183'),
('10062', '10036'),
('10062', '10185'),
('10062', '10186'),
('10063', '10187'),
('10063', '10188'),
('10063', '10189'),
('10064', '00047'),
('10064', '00355'),
('10064', '10191'),
('10065', '00159'),
('10065', '10194'),
('10065', '10195'),
('10066', '00355'),
('10066', '10197'),
('10066', '10198'),
('10068', '00050'),
('10068', '00134'),
('10068', '10204'),
('10069', '00003'),
('10069', '00170'),
('10069', '10207'),
('10071', '10083'),
('10071', '10212'),
('10071', '10213'),
('10073', '10217'),
('10073', '10218'),
('10073', '10219'),
('10074', '10049'),
('10074', '10151'),
('10074', '10222'),
('10075', '10106'),
('10075', '10224'),
('10075', '10225'),
('10076', '10049'),
('10076', '10227'),
('10076', '10228'),
('10077', '10229'),
('10077', '10230'),
('10077', '10231'),
('10078', '10068'),
('10078', '10232'),
('10078', '10233'),
('10079', '10235'),
('10079', '10236'),
('10079', '10237'),
('10080', '00278'),
('10080', '10227'),
('10080', '10238'),
('10081', '00278'),
('10081', '10243'),
('10082', '00056'),
('10082', '10244'),
('10082', '10246'),
('10083', '00156'),
('10083', '10248'),
('10083', '10249'),
('10084', '00278'),
('10084', '10252'),
('10085', '10253'),
('10085', '10254'),
('10085', '10255'),
('10086', '00138'),
('10086', '10256'),
('10086', '10258'),
('10087', '00022'),
('10087', '00105'),
('10087', '10261'),
('10089', '00013'),
('10089', '10265'),
('10089', '10267'),
('10090', '00051'),
('10090', '00462'),
('10090', '10270'),
('10091', '00032'),
('10091', '00462'),
('10091', '10262'),
('10091', '10274'),
('10092', '00396'),
('10092', '10255'),
('10092', '10276'),
('10093', '00200'),
('10093', '10279'),
('10093', '10280'),
('10094', '10281'),
('10094', '10282'),
('10094', '10283'),
('10095', '10284'),
('10095', '10285'),
('10095', '10286'),
('10096', '10287'),
('10096', '10288'),
('10096', '10289'),
('10097', '10290'),
('10097', '10291'),
('10097', '10292'),
('10098', '10293'),
('10098', '10294'),
('10099', '10296'),
('10099', '10297'),
('10100', '10298'),
('10100', '10299'),
('10100', '10300'),
('10101', '10301'),
('10101', '10302'),
('10101', '10303'),
('10102', '00019'),
('10102', '00111'),
('10102', '10306'),
('10103', '10307'),
('10103', '10308'),
('10103', '10309'),
('10104', '00051'),
('10104', '10311'),
('10104', '10312'),
('10105', '10313'),
('10105', '10314'),
('10105', '10315'),
('10106', '00396'),
('10106', '10292'),
('10106', '10316'),
('10107', '00278'),
('10107', '10320'),
('10107', '10321'),
('10108', '00034'),
('10108', '00101'),
('10108', '00136'),
('10109', '10325'),
('10109', '10326'),
('10109', '10327'),
('10110', '10328'),
('10110', '10329'),
('10110', '10330'),
('10111', '10332'),
('10111', '10333'),
('10112', '00032'),
('10112', '10335'),
('10112', '10336'),
('10113', '00051'),
('10113', '10338'),
('10113', '10339'),
('10114', '10253'),
('10114', '10340'),
('10114', '10342'),
('10115', '00280'),
('10115', '10344'),
('10115', '10345'),
('10116', '10346'),
('10116', '10347'),
('10116', '10348'),
('10117', '00008'),
('10117', '00280'),
('10117', '10351'),
('10118', '00032'),
('10118', '10353'),
('10118', '10354'),
('10119', '10355'),
('10119', '10356'),
('10119', '10357'),
('10120', '00118'),
('10120', '00126'),
('10120', '10359'),
('10121', '00278'),
('10121', '10362'),
('10121', '10363'),
('10122', '10364'),
('10122', '10365'),
('10122', '10366'),
('10123', '00037'),
('10123', '10262'),
('10123', '10369'),
('10124', '00022'),
('10124', '10371'),
('10124', '10372'),
('10125', '10262'),
('10125', '10374'),
('10125', '10375'),
('10126', '00336'),
('10126', '10313'),
('10126', '10377'),
('10127', '10379'),
('10127', '10380'),
('10127', '10381'),
('10128', '00019'),
('10128', '10383'),
('10128', '10384'),
('10129', '00278'),
('10129', '00336'),
('10129', '10387'),
('10130', '00043'),
('10130', '00336'),
('10130', '10274'),
('10131', '10392'),
('10131', '10393'),
('10132', '10394'),
('10132', '10395'),
('10132', '10396'),
('10133', '10397'),
('10133', '10398'),
('10133', '10399'),
('10134', '10288'),
('10134', '10402'),
('10135', '00278'),
('10135', '10404'),
('10135', '10405'),
('10136', '10406'),
('10136', '10407'),
('10136', '10408'),
('10137', '10409'),
('10137', '10410'),
('10137', '10411'),
('10138', '00216'),
('10138', '10244'),
('10138', '10413'),
('10139', '00032'),
('10139', '10416'),
('10139', '10417'),
('10140', '00509'),
('10140', '10419'),
('10140', '10420'),
('10141', '10369'),
('10141', '10422'),
('10141', '10423'),
('10142', '10424'),
('10142', '10425'),
('10142', '10426'),
('10143', '00280'),
('10143', '00396'),
('10143', '10280'),
('10144', '10307'),
('10144', '10431'),
('10144', '10432'),
('40000', '00043'),
('40000', '40001'),
('40000', '40002'),
('40010', '40003'),
('40010', '40004'),
('40010', '40005'),
('40020', '40006'),
('40020', '40007'),
('40020', '40008'),
('40030', '40009'),
('40030', '40010'),
('40030', '40011'),
('40040', '40012'),
('40040', '40013'),
('40040', '40014'),
('40050', '10002'),
('40050', '40015'),
('40050', '40017'),
('40060', '40018'),
('40060', '40019'),
('40060', '40020'),
('40070', '00052'),
('40070', '40022'),
('40070', '40023'),
('40080', '10392'),
('40080', '40024'),
('40080', '40025'),
('40090', '00280'),
('40090', '40028'),
('40090', '40029'),
('40100', '40030'),
('40100', '40031'),
('40100', '40032'),
('40110', '00022'),
('40110', '10252'),
('40110', '10362'),
('40120', '40036'),
('40120', '40037'),
('40120', '40038'),
('40130', '40039'),
('40130', '40040'),
('40130', '40041'),
('40140', '00041'),
('40140', '40042'),
('40140', '40043'),
('40150', '00051'),
('40150', '10006'),
('40150', '40047'),
('40160', '00192'),
('40160', '40049'),
('40160', '40050'),
('40170', '00072'),
('40170', '40051'),
('40170', '40053'),
('40180', '10424'),
('40180', '40055'),
('40180', '40056'),
('40190', '00259'),
('40190', '10012'),
('40190', '40059'),
('40200', '00037'),
('40200', '10232'),
('40200', '40031'),
('40210', '00009'),
('40210', '40064'),
('40210', '40065'),
('40220', '40007'),
('40220', '40066'),
('40220', '40067'),
('40230', '00072'),
('40230', '40069'),
('40230', '40071'),
('40240', '00206'),
('40240', '40072'),
('40240', '40074'),
('40250', '00010'),
('40250', '00058'),
('40250', '40077'),
('40260', '00018'),
('40260', '40078'),
('40260', '40080'),
('40270', '00206'),
('40270', '40072'),
('40270', '40074'),
('40280', '40066'),
('40280', '40085'),
('40280', '40086'),
('40290', '40087'),
('40290', '40088'),
('40290', '40089'),
('40300', '00062'),
('40300', '40090'),
('40300', '40091'),
('40310', '40093'),
('40310', '40094'),
('40310', '40095'),
('40320', '40096'),
('40320', '40097'),
('40320', '40098'),
('40330', '00073'),
('40330', '40099'),
('40330', '40101'),
('40350', '00037'),
('40350', '10232'),
('40350', '40031'),
('40360', '00549'),
('40360', '40108'),
('40360', '40110'),
('40370', '10031'),
('40370', '40111'),
('40370', '40112'),
('40380', '10244'),
('40380', '40114'),
('40380', '40116'),
('40390', '00110'),
('40390', '00173'),
('40390', '40117'),
('40400', '00206'),
('40400', '40072'),
('40400', '40074'),
('40410', '00051'),
('40410', '40124'),
('40410', '40125'),
('40420', '40126'),
('40420', '40127'),
('40420', '40128'),
('40430', '00206'),
('40430', '40072'),
('40430', '40074'),
('40440', '40132'),
('40440', '40133'),
('40440', '40134'),
('40450', '00010'),
('40450', '00091'),
('40450', '40137'),
('40460', '00063'),
('40460', '00112'),
('40460', '40140'),
('40470', '00018'),
('40470', '40078'),
('40470', '40080'),
('40480', '00134'),
('40480', '40145'),
('40480', '40146'),
('40490', '00356'),
('40490', '40147'),
('40490', '40149'),
('40500', '40150'),
('40500', '40151'),
('40500', '40152'),
('40510', '40153'),
('40510', '40154'),
('40510', '40155'),
('40530', '40159'),
('40530', '40160'),
('40530', '40161'),
('40540', '00206'),
('40540', '40072'),
('40540', '40074'),
('40560', '00180'),
('40560', '40168'),
('40560', '40169'),
('40570', '00180'),
('40570', '40090'),
('40570', '40173'),
('40580', '00151'),
('40580', '10174'),
('40580', '40176'),
('40590', '00041'),
('40590', '00134'),
('40590', '40179'),
('40600', '40180'),
('40600', '40181'),
('40600', '40182'),
('40610', '00105'),
('40610', '00462'),
('40610', '40183'),
('40620', '00156'),
('40620', '40187'),
('40620', '40188'),
('40630', '00173'),
('40630', '00177'),
('40630', '10026'),
('40640', '00244'),
('40640', '10055'),
('40640', '40194'),
('40650', '00091'),
('40650', '10254'),
('40650', '40117'),
('40660', '40198'),
('40660', '40199'),
('40660', '40200'),
('40670', '40201'),
('40670', '40202'),
('40670', '40203'),
('40680', '40204'),
('40680', '40205'),
('40680', '40206'),
('40690', '40207'),
('40690', '40208'),
('40690', '40209'),
('40700', '00206'),
('40700', '40072'),
('40700', '40074'),
('40710', '00154'),
('40710', '10037'),
('40710', '40213'),
('40720', '00092'),
('40720', '40217'),
('40720', '40218'),
('40730', '00051'),
('40730', '10006'),
('40730', '40047'),
('40740', '00206'),
('40740', '40072'),
('40740', '40074'),
('40750', '00136'),
('40750', '00170'),
('40750', '40227'),
('40760', '10036'),
('40760', '40102'),
('40760', '40230'),
('40770', '40231'),
('40770', '40232'),
('40770', '40233'),
('40780', '00164'),
('40780', '00170'),
('40780', '40049'),
('40790', '40237'),
('40790', '40238'),
('40790', '40239'),
('40800', '40240'),
('40800', '40241'),
('40800', '40242'),
('40810', '00151'),
('40810', '40176'),
('40810', '40245'),
('40820', '10173'),
('40820', '40126'),
('40820', '40248'),
('40830', '00047'),
('40830', '00142'),
('40830', '40251'),
('40840', '00179'),
('40840', '10037'),
('40840', '40252'),
('40850', '00010'),
('40850', '40255'),
('40850', '40256'),
('40860', '00279'),
('40860', '10173'),
('40860', '10413'),
('40870', '40261'),
('40870', '40262'),
('40870', '40263'),
('40880', '40077'),
('40880', '40199'),
('40880', '40264'),
('40890', '00074'),
('40890', '00136'),
('40890', '00195'),
('40900', '00182'),
('40900', '00187'),
('40900', '40111'),
('40910', '00169'),
('40910', '40069'),
('40910', '40274'),
('40910', '40275'),
('40920', '00072'),
('40920', '00175'),
('40920', '00359'),
('40930', '10233'),
('40930', '40168'),
('40930', '40282'),
('40940', '00143'),
('40940', '00254'),
('40940', '40283'),
('40950', '10132'),
('40950', '40102'),
('40950', '40213'),
('40960', '00154'),
('40960', '40183'),
('40960', '40291'),
('40970', '40292'),
('40970', '40293'),
('40970', '40294'),
('40980', '40176'),
('40980', '40295'),
('40980', '40296'),
('40990', '40298'),
('40990', '40299'),
('41000', '40300'),
('41000', '40301'),
('41000', '40302'),
('41010', '40127'),
('41010', '40303'),
('41010', '40304'),
('41020', '00244'),
('41020', '40232'),
('41020', '40308'),
('41030', '00118'),
('41030', '40309'),
('41030', '40310'),
('41040', '40312'),
('41040', '40313'),
('41040', '40314'),
('41050', '10026'),
('41050', '10261'),
('41050', '40315'),
('41060', '40087'),
('41060', '40088'),
('41060', '40320'),
('41070', '00139'),
('41070', '10121'),
('41070', '40323'),
('41080', '00108'),
('41080', '40324'),
('41080', '40325'),
('41090', '40327'),
('41090', '40328'),
('41090', '40329'),
('41100', '40330'),
('41100', '40331'),
('41100', '40332'),
('41110', '40330'),
('41110', '40332'),
('41110', '40335'),
('41120', '00240'),
('41120', '40336'),
('41120', '40338'),
('41130', '40330'),
('41130', '40331'),
('41130', '40332'),
('41140', '40040'),
('41140', '40342'),
('41140', '40343'),
('41150', '40345'),
('41150', '40346'),
('41150', '40347'),
('41160', '40348'),
('41160', '40349'),
('41160', '40350'),
('41170', '10338'),
('41170', '40351'),
('41170', '40352'),
('41180', '40342'),
('41180', '40354'),
('41180', '40355'),
('41190', '40357'),
('41190', '40358'),
('41190', '40359'),
('41200', '10096'),
('41200', '40332'),
('41200', '40362'),
('41210', '10096'),
('41210', '40332'),
('41210', '40362'),
('41220', '40366'),
('41220', '40367'),
('41220', '40368'),
('41230', '40126'),
('41230', '40264'),
('41230', '40371'),
('41240', '10395'),
('41240', '40112'),
('41240', '40373'),
('41250', '40375'),
('41250', '40376'),
('41250', '40377'),
('41260', '40378'),
('41260', '40379'),
('41260', '40380'),
('41270', '40091'),
('41270', '40283'),
('41270', '40381'),
('41280', '10026'),
('41280', '40091'),
('41280', '40385'),
('41290', '10280'),
('41290', '40132'),
('41290', '40183'),
('41300', '00037'),
('41300', '00137'),
('41300', '40022'),
('41310', '00118'),
('41310', '40393'),
('41310', '40394'),
('41320', '00154'),
('41320', '40397'),
('41320', '40398'),
('41330', '00118'),
('41330', '00134'),
('41330', '40401'),
('41340', '00019'),
('41340', '10280'),
('41340', '40404'),
('41350', '00010'),
('41350', '10356'),
('41350', '40102'),
('41370', '00279'),
('41370', '10359'),
('41370', '40412'),
('41380', '10413'),
('41380', '40414'),
('41380', '40416'),
('41390', '10096'),
('41390', '40332'),
('41390', '40362'),
('41400', '40420'),
('41400', '40421'),
('41400', '40422'),
('41410', '00184'),
('41410', '40423'),
('41410', '40425'),
('41420', '40126'),
('41420', '40427'),
('41420', '40428'),
('41430', '00050'),
('41430', '00195'),
('41430', '40431'),
('41450', '00083'),
('41450', '40436'),
('41450', '40437'),
('41460', '10255'),
('41460', '40438'),
('41460', '40439'),
('41470', '40441'),
('41470', '40442'),
('41470', '40443'),
('41480', '10117'),
('41480', '40015'),
('41480', '40444'),
('41490', '10026'),
('41490', '40448'),
('41490', '40449'),
('41500', '40238'),
('41500', '40451'),
('41500', '40452'),
('41510', '40023'),
('41510', '40453'),
('41510', '40454'),
('41520', '00056'),
('41520', '40456'),
('41520', '40457'),
('41530', '00080'),
('41530', '40427'),
('41530', '40460'),
('41540', '40126'),
('41540', '40463'),
('41540', '40464'),
('41550', '10255'),
('41550', '40354'),
('41550', '40465'),
('41560', '10151'),
('41560', '40442'),
('41560', '40470'),
('41570', '10413'),
('41570', '40414'),
('41570', '40416'),
('41580', '40183'),
('41580', '40475'),
('41580', '40476'),
('41590', '40477'),
('41590', '40478'),
('41590', '40479'),
('41600', '00052'),
('41600', '40111'),
('41600', '40482'),
('41610', '00080'),
('41610', '00126'),
('41610', '40485'),
('41620', '00255'),
('41620', '40486'),
('41620', '40488'),
('41630', '40133'),
('41630', '40489'),
('41630', '40490'),
('41640', '00192'),
('41640', '10261'),
('41640', '40493'),
('41650', '40463'),
('41650', '40496'),
('41650', '40497'),
('41660', '40023'),
('41660', '40453'),
('41660', '40454'),
('41670', '00105'),
('41670', '10255'),
('41670', '40354'),
('41680', '40126'),
('41680', '40127'),
('41680', '40504'),
('41690', '00211'),
('41690', '40508'),
('41690', '40509'),
('41700', '10026'),
('41700', '40470'),
('41700', '40511'),
('41710', '40128'),
('41710', '40514'),
('41710', '40515'),
('41720', '00032'),
('41720', '00165'),
('41720', '40517'),
('41730', '00083'),
('41730', '40520'),
('41730', '40521'),
('41740', '40522'),
('41740', '40523'),
('41740', '40524'),
('41750', '00047'),
('41750', '00083'),
('41750', '40527'),
('41760', '00173'),
('41760', '40147'),
('41760', '40530'),
('41770', '00052'),
('41770', '10413'),
('41770', '40533'),
('41780', '00125'),
('41780', '10036'),
('41780', '40534'),
('41790', '00035'),
('41790', '40201'),
('41790', '40209'),
('41800', '10006'),
('41800', '40541'),
('41800', '40542'),
('41810', '40126'),
('41810', '40127'),
('41810', '40504'),
('41820', '10071'),
('41820', '40442'),
('41820', '40547'),
('41830', '40441'),
('41830', '40442'),
('41830', '40443'),
('41840', '40552'),
('41840', '40553'),
('41840', '40554'),
('41850', '40133'),
('41850', '40489'),
('41850', '40490'),
('41860', '00089'),
('41860', '40351'),
('41860', '40559'),
('41870', '40561'),
('41870', '40562'),
('41870', '40563'),
('41880', '00100'),
('41880', '40354'),
('41880', '40565'),
('41890', '00091'),
('41890', '40489'),
('41890', '40569'),
('41900', '10362'),
('41900', '40126'),
('41900', '40572'),
('41910', '00013'),
('41910', '00051'),
('41910', '00111'),
('41910', '40575'),
('41920', '10255'),
('41920', '40577'),
('41920', '40578'),
('41930', '10121'),
('41930', '10356'),
('41930', '40582'),
('41940', '00111'),
('41940', '40583'),
('41940', '40584'),
('41950', '00047'),
('41950', '40242'),
('41950', '40587'),
('41960', '40111'),
('41960', '40589'),
('41960', '40590'),
('41970', '40168'),
('41970', '40213'),
('41970', '40593'),
('41980', '10069'),
('41980', '40441'),
('41980', '40595'),
('41990', '40241'),
('41990', '40599'),
('42000', '10364'),
('42000', '40601'),
('42000', '40602'),
('42010', '00206'),
('42010', '10356'),
('42010', '40603'),
('42020', '00173'),
('42020', '00179'),
('42020', '40608'),
('42030', '00014'),
('42030', '10296'),
('42030', '40427');

-- --------------------------------------------------------

--
-- Table structure for table `employeesaudit`
--

CREATE TABLE `employeesaudit` (
  `EMPLOYEE_ID` int(5) DEFAULT NULL,
  `HIRE_DATE` date NOT NULL,
  `FNAME` varchar(40) NOT NULL,
  `LNAME` varchar(40) NOT NULL,
  `JOB_LOCATION` varchar(40) NOT NULL,
  `POSITION` varchar(20) NOT NULL,
  `SALARY` decimal(15,2) NOT NULL,
  `DATE_DELETED` date DEFAULT NULL
) ENGINE=InnoDB DEFAULT CHARSET=latin1;

--
-- Dumping data for table `employeesaudit`
--

INSERT INTO `employeesaudit` (`EMPLOYEE_ID`, `HIRE_DATE`, `FNAME`, `LNAME`, `JOB_LOCATION`, `POSITION`, `SALARY`, `DATE_DELETED`) VALUES
(10006, '2017-03-05', 'Tall', 'Person', 'Wilmington', 'Janitor', '50000.00', '2017-04-06'),
(10000, '2017-01-15', 'Casey', 'Savage', 'Wilmington', 'Developer', '80000.00', '2017-04-28'),
(10007, '2017-04-04', 'test', 'date', 'location', 'location', '33445.00', '2017-04-28'),
(10008, '0000-00-00', 'some', 'guy', 'named', 'fred', '3400.00', '2017-04-28'),
(10006, '2017-04-04', 'Tested', 'DATED', 'location1', 'location2', '33444.00', '2017-04-28'),
(10010, '0000-00-00', 'test', 'test2', 'ftes', 'site', '89.00', '2017-04-29'),
(10012, '0000-00-00', 'farist', 'faritsss', 'loc', 'test', '5555.00', '2017-04-29'),
(10009, '0000-00-00', 'Joey', 'Swol', 'Venice', 'Bodybuilder', '45000.00', '2017-04-29'),
(10013, '0000-00-00', 'test', 'test', 'tes', 'tes', '455555.00', '2017-04-29');

-- --------------------------------------------------------

--
-- Table structure for table `employeesgroup`
--

CREATE TABLE `employeesgroup` (
  `EMPLOYEE_ID` int(5) NOT NULL,
  `EMAIL` varchar(50) DEFAULT NULL,
  `PASSWORD` varchar(200) DEFAULT NULL,
  `HIRE_DATE` date NOT NULL,
  `FNAME` varchar(40) NOT NULL,
  `LNAME` varchar(40) NOT NULL,
  `JOB_LOCATION` varchar(40) DEFAULT NULL,
  `POSITION` varchar(20) DEFAULT NULL,
  `SALARY` decimal(15,2) NOT NULL
) ENGINE=InnoDB DEFAULT CHARSET=latin1;

--
-- Dumping data for table `employeesgroup`
--

INSERT INTO `employeesgroup` (`EMPLOYEE_ID`, `EMAIL`, `PASSWORD`, `HIRE_DATE`, `FNAME`, `LNAME`, `JOB_LOCATION`, `POSITION`, `SALARY`) VALUES
(10001, 'cd2222@uncw.edu', 'csc450team', '2017-01-15', 'Cassandra', 'Ortiz', 'Wilmington', 'Developer', '80000.00'),
(10002, 'sf39843@uncw.edu', 'csc450team', '2017-01-15', 'Skylar', 'Freeze', 'Wilmington', 'Developer', '80000.00'),
(10003, 'gdw1113@uncw.edu', 'csc450team', '2017-01-15', 'Trey', 'Wilson', 'Wilmington', 'Developer', '80000.00'),
(10004, 'mik9181@uncw.edu', 'csc450team', '2017-01-15', 'Farris', 'Khalid', 'Wilmington', 'Developer', '80000.00'),
(10005, 'ceo@oldpotato.com', 'csc450team', '2017-01-15', 'Boss', 'Man', 'Wilmington', 'CEO', '150000.00'),
(10011, 'mrbradley@gmail.com', 'password', '0000-00-00', 'Bradley', 'Simmon', 'Wilmington', 'Consultant', '10000.00');

--
-- Triggers `employeesgroup`
--
DELIMITER $$
CREATE TRIGGER `EmployeeDelete` AFTER DELETE ON `employeesgroup` FOR EACH ROW BEGIN
		INSERT INTO EmployeesAudit(EMPLOYEE_ID, HIRE_DATE, FNAME, LNAME, JOB_LOCATION, POSITION, SALARY, DATE_DELETED)
		VALUES(OLD.EMPLOYEE_ID, OLD.HIRE_DATE, OLD.FNAME, OLD.LNAME, OLD.JOB_LOCATION, OLD.POSITION, OLD.SALARY, CURDATE());
	END
$$
DELIMITER ;

-- --------------------------------------------------------

--
-- Stand-in structure for view `employeetoemployeeview`
-- (See below for the actual view)
--
CREATE TABLE `employeetoemployeeview` (
`FNAME` varchar(40)
,`LNAME` varchar(40)
,`POSITION` varchar(20)
);

-- --------------------------------------------------------

--
-- Table structure for table `favoritemovies`
--

CREATE TABLE `favoritemovies` (
  `MOVIE_ID` char(5) NOT NULL DEFAULT '',
  `MEMBER_ID` int(4) NOT NULL DEFAULT '0'
) ENGINE=InnoDB DEFAULT CHARSET=latin1;

--
-- Dumping data for table `favoritemovies`
--

INSERT INTO `favoritemovies` (`MOVIE_ID`, `MEMBER_ID`) VALUES
('10002', 1001),
('10004', 1001),
('10005', 1001),
('10008', 1000),
('10011', 1000),
('10014', 1000),
('10028', 1012),
('10050', 1004);

-- --------------------------------------------------------

--
-- Stand-in structure for view `membermovieview`
-- (See below for the actual view)
--
CREATE TABLE `membermovieview` (
`TITLE` varchar(100)
,`RATING` varchar(3)
,`GENRE` varchar(15)
,`RELEASEDATE` char(4)
,`ACTOR_OR_ACTRESS` varchar(81)
);

-- --------------------------------------------------------

--
-- Table structure for table `members`
--

CREATE TABLE `members` (
  `MEMBER_ID` int(4) NOT NULL,
  `EMAIL` varchar(50) DEFAULT NULL,
  `PASSWORD` varchar(200) DEFAULT NULL,
  `FNAME` varchar(40) NOT NULL,
  `LNAME` varchar(40) NOT NULL,
  `PHONE` varchar(20) DEFAULT NULL,
  `ADDRESS` varchar(80) DEFAULT NULL,
  `CITY` varchar(40) DEFAULT NULL,
  `STATE` char(2) DEFAULT NULL,
  `ZIP` char(5) DEFAULT NULL
) ENGINE=InnoDB DEFAULT CHARSET=latin1;

--
-- Dumping data for table `members`
--

INSERT INTO `members` (`MEMBER_ID`, `EMAIL`, `PASSWORD`, `FNAME`, `LNAME`, `PHONE`, `ADDRESS`, `CITY`, `STATE`, `ZIP`) VALUES
(1000, 'billy@oldpotato.com', 'oldpotato', 'Billy', 'Bob', '910-555-3333', '10052 Corner St.', 'Charlotte', 'NC', '28554'),
(1001, 'rachel@oldpotato.com', 'oldpotato', 'Rachel', 'Williams', '919-555-8989', '25438 South Rd.', 'Raleigh', 'NJ', '24503'),
(1002, 'sally@oldpotato.com', 'oldpotato', 'Sally', 'None', '910-555-1123', '2840 East Rd.', 'Wilmington', 'NC', '28451'),
(1003, 'yo@oldpotato.com', 'oldpotato', 'Yo', 'Name', '919-555-2234', '7777 West Rd.', 'Wilmington', 'NC', '28405'),
(1004, 'gary@oldpotato.com', 'oldpotato', 'Gary', 'Thorpe', '870-393-2030', '3343 East St.', 'Charlotte', 'NC', '28403'),
(1005, 'alan@oldpotato.com', 'oldpotato', 'Alan', 'Woolard', '893-193-1939', '324 East Rd.', 'Williamsburg', 'NC', '29302'),
(1006, 'ryan@oldpotato.com', 'oldpotato', 'Ryan', 'Mumey', '383-383-2939', '1111 Swerve', 'Myrtle Beach', 'SC', '28302'),
(1007, 'dexter@oldpotato.com', 'oldpotato', 'Dexter', 'Thorpe', '392-392-2020', '2222 Right Rd.', 'Southport', 'NC', '28302'),
(1008, 'kyle@oldpotato.com', 'oldpotato', 'Kyle', 'Sullivan', '888-393-0029', '3829 Left Rd.', 'Southport', 'NC', '28302'),
(1009, 'jessica@oldpotato.com', 'oldpotato', 'Jessica', 'Stone', '283-293-2939', '3820 Switch St.', 'Raleigh', 'NC', '28302'),
(1010, 'noland@oldpotato.com', 'oldpotato', 'Joel', 'Noland', '111-111-1111', '10029 B', 'Wilmingotn', 'NC', '28401'),
(1012, 'random@oldpotato.com', 'oldpotato', 'Random', 'Guy', '910-555-1111', '1039 Brown', 'Wilmington', 'NC', '28451'),
(1013, 'fake@oldpotato.com', 'oldpotato', 'Fake', 'Fake', '9102231111', '1193 Blank', 'Neverland', 'NC', '28401'),
(1014, 'empty@oldpotato.com', 'oldpotato', 'Empty', 'Still', '910-555-3333', '1189 djkf', 'adj;af', 'NC', '28402'),
(1015, 'jessicas@oldpotato.com', 'oldpotato', 'Jessica', 'Sugg', '910-555-2231', '193 djfakj', 'Wilmington', 'NC', '28405'),
(1019, 'farriskhalid@gmail.com', 'pass', 'Muhammad Farris Iqbal', 'Khalid', '9493459123', '5006 Carleton Place Unit 16', 'Wilmington', 'NC', '28403');

--
-- Triggers `members`
--
DELIMITER $$
CREATE TRIGGER `MemberDelete` AFTER DELETE ON `members` FOR EACH ROW BEGIN 
		INSERT INTO MembersAudit(MEMBER_ID, FNAME, LNAME, PHONE, ADDRESS, CITY, STATE, ZIP, DATE_DELETED) 
		VALUES (OLD.MEMBER_ID, OLD.FNAME, OLD.LNAME, OLD.PHONE, OLD.ADDRESS, OLD.CITY, OLD.STATE, OLD.ZIP, CURDATE());
	END
$$
DELIMITER ;

-- --------------------------------------------------------

--
-- Table structure for table `membersaudit`
--

CREATE TABLE `membersaudit` (
  `MEMBER_ID` int(4) NOT NULL,
  `FNAME` varchar(40) NOT NULL,
  `LNAME` varchar(40) NOT NULL,
  `PHONE` varchar(40) NOT NULL,
  `ADDRESS` varchar(80) NOT NULL,
  `CITY` varchar(40) NOT NULL,
  `STATE` char(2) NOT NULL,
  `ZIP` char(5) NOT NULL,
  `DATE_DELETED` date DEFAULT NULL
) ENGINE=InnoDB DEFAULT CHARSET=latin1;

--
-- Dumping data for table `membersaudit`
--

INSERT INTO `membersaudit` (`MEMBER_ID`, `FNAME`, `LNAME`, `PHONE`, `ADDRESS`, `CITY`, `STATE`, `ZIP`, `DATE_DELETED`) VALUES
(1011, 'test', 'test', 'test', 'test', 'test', 'nc', '28451', '2017-04-06'),
(1016, 'Farris', 'Khalid', '9493459123', '1 Main Lane', 'Wilmington', 'NC', '28403', '2017-04-19'),
(1017, 'Farris', 'Farris', '9394364534', 'addresss', 'city', 'NC', '28403', '2017-04-19'),
(1018, 'Farris', 'Farris', '3934443434', 'password', 'password', 'NY', '28403', '2017-04-19'),
(1020, 'Muhammad Farris Iqbal', 'Khalid', '9493459123', '5006 Carleton Place Unit 16', 'Wilmington', 'NC', '28403', '2017-04-19'),
(1021, 'Muhammad Farris Iqbal', 'Khalid', '9493459123', '5006 Carleton Place Unit 16', 'Wilmington', 'NC', '28403', '2017-04-19'),
(1022, 'Muhammad Farris Iqbal', 'Khalid', '9493459123', '5006 Carleton Place Unit 16', 'Wilmington', 'NC', '28403', '2017-04-19');

-- --------------------------------------------------------

--
-- Table structure for table `movies`
--

CREATE TABLE `movies` (
  `MOVIE_ID` int(5) NOT NULL,
  `TITLE` varchar(100) NOT NULL,
  `RATING` varchar(3) DEFAULT NULL,
  `GENRE` varchar(15) DEFAULT NULL,
  `RELEASEDATE` char(4) DEFAULT NULL
) ENGINE=InnoDB DEFAULT CHARSET=latin1;

--
-- Dumping data for table `movies`
--

INSERT INTO `movies` (`MOVIE_ID`, `TITLE`, `RATING`, `GENRE`, `RELEASEDATE`) VALUES
('00002', 'Before Sunrise', '8.1', 'Romance', '1995'),
('00003', 'The American President', '6.8', 'Romance', '1995'),
('00004', 'Sense and Sensibility', '7.7', 'Romance', '1995'),
('00005', 'While You Were Sleeping', '6.7', 'Romance', '1995'),
('00006', 'Romeo + Juliet', '6.8', 'Romance', '1996'),
('00007', 'Jerry Maguire', '7.3', 'Romance', '1996'),
('00008', 'The English Patient', '7.4', 'Romance', '1996'),
('00009', 'Emma', '6.8', 'Romance', '1996'),
('00010', 'Beautiful Girls', '7.2', 'Romance', '1996'),
('00011', 'Titanic', '7.7', 'Romance', '1997'),
('00012', 'As Good as it Gets', '7.7', 'Romance', '1997'),
('00013', 'My Best Friend\'s Wedding', '6.3', 'Romance', '1997'),
('00014', 'Chasing Amy', '7.3', 'Romance', '1997'),
('00015', 'Picture Perfect', '5.5', 'Romance', '1997'),
('00016', 'The Parent Trap', '6.4', 'Romance', '1998'),
('00017', 'The Wedding Singer', '6.8', 'Romance', '1998'),
('00018', 'There\'s Something About Mary', '7.1', 'Romance', '1998'),
('00019', 'You\'ve Got Mail', '6.6', 'Romance', '1998'),
('00020', 'Can\'t Hardly Wait', '6.5', 'Romance', '1998'),
('00021', '10 Things I Hate About You', '7.2', 'Romance', '1999'),
('00022', 'Notting Hill', '7.0', 'Romance', '1999'),
('00023', 'Varsity Blues', '6.4', 'Romance', '1999'),
('00024', 'She\'s All That', '5.8', 'Romance', '1999'),
('00025', 'Never Been Kissed', '6.0', 'Romance', '1999'),
('00026', 'The Beach', '6.6', 'Romance', '2000'),
('00027', 'Coyote Ugly', '5.6', 'Romance', '2000'),
('00028', 'Miss Congeniality', '6.2', 'Romance', '2000'),
('00029', 'Bring It On', '5.9', 'Romance', '2000'),
('00030', 'Meet the Parents', '7.0', 'Romance', '2000'),
('00031', 'Legally Blonde', '6.2', 'Romance', '2001'),
('00032', 'Pearl Harbor', '6.1', 'Romance', '2001'),
('00033', 'Amelie', '8.4', 'Romance', '2001'),
('00034', 'The Princess Diaries', '6.2', 'Romance', '2001'),
('00035', 'Bridget Jones\'s Diary', '6.7', 'Romance', '2001'),
('00036', 'A Walk to Remember', '7.4', 'Romance', '2002'),
('00037', 'Sweet Home Alabama', '6.2', 'Romance', '2002'),
('00038', 'My Big Fat Greek Wedding', '6.6', 'Romance', '2002'),
('00039', 'About a Boy', '7.1', 'Romance', '2002'),
('00040', 'Secretary', '7.1', 'Romance', '2002'),
('00041', 'Love Actually', '7.7', 'Romance', '2003'),
('00042', 'How to Lose a Guy in 10 Days', '6.4', 'Romance', '2003'),
('00043', 'Cold Mountain', '7.2', 'Romance', '2003'),
('00044', 'American Wedding', '6.3', 'Romance', '2003'),
('00045', 'Under the Tuscan Sun', '6.7', 'Romance', '2003'),
('00046', 'The Notebook', '7.9', 'Romance', '2004'),
('00047', 'The Girl Next Door', '6.8', 'Romance', '2004'),
('00048', '50 First Dates', '6.8', 'Romance', '2004'),
('00049', '13 Going on 30', '6.1', 'Romance', '2004'),
('00050', 'A Cinderella Story', '5.9', 'Romance', '2004'),
('00051', 'Pride & Prejudice', '7.8', 'Romance', '2005'),
('00052', 'Wedding Crashers', '7.0', 'Romance', '2005'),
('00053', 'The 40-Year-Old-Virgin', '7.1', 'Romance', '2005'),
('00054', 'Walk the Line', '7.9', 'Romance', '2005'),
('00055', 'Hitch', '6.6', 'Romance', '2005'),
('00056', 'Step Up', '6.5', 'Romance', '2006'),
('00057', 'She\'s the Man', '6.4', 'Romance', '2006'),
('00058', 'John Tucker Must Die', '5.8', 'Romance', '2006'),
('00059', 'The Holiday', '6.9', 'Romance', '2006'),
('00060', 'The Break-Up', '5.8', 'Romance', '2006'),
('00061', 'P.S. I Love You', '7.1', 'Romance', '2007'),
('00062', 'Hairspray', '6.7', 'Romance', '2007'),
('00063', 'Knocked Up', '7.0', 'Romance', '2007'),
('00064', 'Stardust', '7.7', 'Romance', '2007'),
('00065', 'Enchanted', '7.1', 'Romance', '2007'),
('00066', 'Twilight', '5.2', 'Romance', '2008'),
('00067', 'Forgetting Sarah Marshall', '7.2', 'Romance', '2008'),
('00068', '27 Dresses', '6.1', 'Romance', '2008'),
('00069', 'Mamma Mia!', '6.4', 'Romance', '2008'),
('00070', 'Fool\'s Gold', '5.7', 'Romance', '2008'),
('00071', 'Up in the Air', '7.4', 'Romance', '2009'),
('00072', '500 Days of Summer', '7.7', 'Romance', '2009'),
('00073', 'The Proposal', '6.7', 'Romance', '2009'),
('00074', 'He\'s Just Not That Into You', '6.4', 'Romance', '2009'),
('00075', 'The Ugly Truth', '6.5', 'Romance', '2009'),
('00076', 'Easy A', '7.1', 'Romance', '2010'),
('00077', 'Scott Pilgrim vs. the World', '7.5', 'Romance', '2010'),
('00078', 'Love & Other Drugs', '6.7', 'Romance', '2010'),
('00079', 'Life as We Know It', '6.6', 'Romance', '2010'),
('00080', 'Dear John', '6.3', 'Romance', '2010'),
('00081', 'Crazy, Stupid, Love', '7.4', 'Romance', '2011'),
('00082', 'Bridesmaids', '6.8', 'Romance', '2011'),
('00083', 'Hall Pass', '5.9', 'Romance', '2011'),
('00084', 'Just Go With It', '6.4', 'Romance', '2011'),
('00085', 'Friends with Benefits', '6.6', 'Romance', '2011'),
('00086', 'Pitch Perfect', '7.2', 'Romance', '2012'),
('00087', 'The Perks of Being a Wallflower', '8.0', 'Romance', '2012'),
('00088', 'The Vow', '6.8', 'Romance', '2012'),
('00089', 'Silver Linings Playbook', '7.8', 'Romance', '2012'),
('00090', 'The Lucky One', '6.5', 'Romance', '2012'),
('00091', 'The Great Gatsby', '7.3', 'Romance', '2013'),
('00092', 'Her', '8.0', 'Romance', '2013'),
('00093', 'About Time', '7.8', 'Romance', '2013'),
('00094', 'The Spectacular Now', '7.1', 'Romance', '2013'),
('00095', 'Safe Haven', '6.7', 'Romance', '2013'),
('00096', 'The Best of Me', '6.7', 'Romance', '2014'),
('00097', 'The Other Woman', '6.0', 'Romance', '2014'),
('00098', 'That Awkward Moment', '6.2', 'Romance', '2014'),
('00099', 'Blended', '6.5', 'Romance', '2014'),
('00100', 'The Fault in Our Stars', '7.8', 'Romance', '2014'),
('00101', 'Fifty Shades of Grey', '4.1', 'Romance', '2015'),
('00102', 'The Longest Ride', '7.1', 'Romance', '2015'),
('00103', 'The Age of Adaline', '7.2', 'Romance', '2015'),
('00104', 'Focus', '6.6', 'Romance', '2015'),
('00105', 'Trainwreck', '6.3', 'Romance', '2015'),
('00106', 'Me Before You', '7.5', 'Romance', '2016'),
('00107', 'The Choice', '6.6', 'Romance', '2016'),
('00108', 'Bridget Jones\'s Baby', '6.7', 'Romance', '2016'),
('00109', 'How to Be Single', '6.1', 'Romance', '2016'),
('00110', 'Passengers', '7.0', 'Romance', '2016'),
('00111', 'Trinity and Beyond: The Atomic Bomb Movie', '8.0', 'Documentary', '1995'),
('00112', 'Anne Frank Remembered', '8.1', 'Documentary', '1995'),
('00113', 'Lumiere and Company', '7.0', 'Documentary', '1995'),
('00114', 'Michael Jackson: Video Greatest Hits - History', '8.6', 'Documentary', '1995'),
('00115', 'A Personal Journey with Martin Scorsese Through American Movies', '8.6', 'Documentary', '1995'),
('00116', 'Paradise Lost: The Child Murders at Robin Hood Hills', '8.4', 'Documentary', '1996'),
('00117', 'When We Were Kings', '8.0', 'Documentary', '1996'),
('00118', 'The Money Masters', '8.8', 'Documentary', '1996'),
('00119', 'Looking for Richard', '7.4', 'Documentary', '1996'),
('00120', 'The Rolling Stones Rock and Roll Circus', '7.7', 'Documentary', '1996'),
('00121', '4 Little Girls', '7.9', 'Documentary', '1997'),
('00122', 'Little Dieter Needs to Fly', '8.1', 'Documentary', '1997'),
('00123', 'Lord of the Dance', '8.1', 'Documentary', '1997'),
('00124', 'Breaking the Magician\'s Code: Magig\'s Biggest Secrets Finally Revealed', '8.2', 'Documentary', '1997'),
('00125', 'Michael Jackson: HIStory on Film Volume II', '8.3', 'Documentary', '1997'),
('00126', 'Kurt & Courtney', '6.2', 'Documentary', '1998'),
('00127', 'Everest', '7.1', 'Documentary', '1998'),
('00128', 'The Last Days', '7.7', 'Documentary', '1998'),
('00129', 'Party Monster', '7.2', 'Documentary', '1998'),
('00130', 'The Cruise', '7.8', 'Documentary', '1998'),
('00131', 'Buena Vista Social Club', '7.6', 'Documentary', '1999'),
('00132', 'American Movie', '7.9', 'Documentary', '1999'),
('00133', 'Curse of the Blair Witch', '6.4', 'Documentary', '1999'),
('00134', 'Beyond the Mat', '7.6', 'Documentary', '1999'),
('00135', 'My Best Fiend', '7.9', 'Documentary', '1999'),
('00136', 'The Original Kings of Comedy', '6.6', 'Documentary', '2000'),
('00137', 'The Endurance', '7.9', 'Documentary', '2000'),
('00138', 'Dark Days', '7.8', 'Documentary', '2000'),
('00139', 'Into the Arms of a Stranger', '7.8', 'Documentary', '2000'),
('00140', 'Sound and Fury', '8.0', 'Documentary', '2000'),
('00141', 'Dogtown and Z-Boys', '7.7', 'Documentary', '2001'),
('00142', 'Murder on a Sunday Morning', '8.0', 'Documentary', '2001'),
('00143', 'We Stand Alone Together', '8.7', 'Documentary', '2001'),
('00144', 'Life and Debt', '7.6', 'Documentary', '2001'),
('00145', 'Children Underground', '8.3', 'Documentary', '2001'),
('00146', 'Stevie', '8.0', 'Documentary', '2002'),
('00147', 'Comedian', '7.0', 'Documentary', '2002'),
('00148', '9/11', '8.4', 'Documentary', '2002'),
('00149', 'Biggie and Tupac', '6.9', 'Documentary', '2002'),
('00150', 'Bus 174', '7.9', 'Documentary', '2002'),
('00151', 'Touching the Void', '8.1', 'Documentary', '2003'),
('00152', 'Capturing the Friedmands', '7.8', 'Documentary', '2003'),
('00153', 'Ghosts of the Abyss', '6.9', 'Documentary', '2003'),
('00154', 'Born Rich', '6.5', 'Documentary', '2003'),
('00155', 'The Corporation', '8.1', 'Documentary', '2003'),
('00156', 'Super Size Me', '7.3', 'Documentary', '2004'),
('00157', 'Farenheit 9/11', '7.5', 'Documentary', '2004'),
('00158', 'H.H. Holmes: America\'s First Serial Killer', '6.4', 'Documentary', '2004'),
('00159', 'Alone in the Wilderness', '8.8', 'Documentary', '2004'),
('00160', 'The Conscientious Objector', '8.3', 'Documentary', '2004'),
('00161', 'Grizzly Man', '7.8', 'Documentary', '2005'),
('00162', 'March of the Penguins', '7.6', 'Documentary', '2005'),
('00163', 'Earthlings', '8.7', 'Documentary', '2005'),
('00164', 'Murderball', '7.8', 'Documentary', '2005'),
('00165', 'Enron: The Smartest Guy in the Room', '7.7', 'Documentary', '2005'),
('00166', 'Sharkwater', '8.0', 'Documentary', '2006'),
('00167', 'An Inconvenient Truth', '7.5', 'Documentary', '2006'),
('00168', 'The U.S. vs. John Lennon', '7.4', 'Documentary', '2006'),
('00169', 'Jesus Camp', '7.5', 'Documentary', '2006'),
('00170', 'Cocaine Cowboys', '7.9', 'Documentary', '2006'),
('00171', 'Zeitgeist', '8.2', 'Documentary', '2007'),
('00172', 'Sicko', '8.0', 'Documentary', '2007'),
('00173', 'Encounters at the End of the World', '7.8', 'Documentary', '2007'),
('00174', 'Taxi to the Dark Side', '7.6', 'Documentary', '2007'),
('00175', 'In the Shadow of the Moon', '8.1', 'Documentary', '2007'),
('00176', 'Dear Zachary: A Letter to a Son About His Father', '8.6', 'Documentary', '2008'),
('00177', 'Food, Inc.', '7.9', 'Documentary', '2008'),
('00178', 'Man on Wire', '7.8', 'Documentary', '2008'),
('00179', 'Food Matters', '7.7', 'Documentary', '2008'),
('00180', 'It Might Get Loud', '7.7', 'Documentary', '2008'),
('00181', 'The Cove', '8.5', 'Documentary', '2009'),
('00182', 'Cropsey', '6.4', 'Documentary', '2009'),
('00183', 'This Is It', '7.3', 'Documentary', '2009'),
('00184', 'Capitalism: A Love Story', '7.4', 'Documentary', '2009'),
('00185', 'Oceans', '7.8', 'Documentary', '2009'),
('00186', 'Inside Job', '8.3', 'Documentary', '2010'),
('00187', 'Exit Through the Gift Shop', '8.0', 'Documentary', '2010'),
('00188', 'Catfish', '7.1', 'Documentary', '2010'),
('00189', 'Senna', '8.6', 'Documentary', '2010'),
('00190', 'Happy People: A Year in the Taiga', '7.8', 'Documentary', '2010'),
('00191', 'Samsara', '8.5', 'Documentary', '2011'),
('00192', 'Into the Abyss', '7.3', 'Documentary', '2011'),
('00193', 'Undefeated', '7.8', 'Documentary', '2011'),
('00194', 'Bully', '7.4', 'Documentary', '2011'),
('00195', 'Forks Over Knives', '7.7', 'Documentary', '2011'),
('00196', 'The Imposter', '7.5', 'Documentary', '2012'),
('00197', 'Searching for Sugar man', '8.2', 'Documentary', '2012'),
('00198', 'The Act of Killing', '8.2', 'Documentary', '2012'),
('00199', 'West of Memphis', '7.9', 'Documentary', '2012'),
('00200', 'The Summit', '6.9', 'Documentary', '2012'),
('00201', 'Blackfish', '8.1', 'Documentary', '2013'),
('00202', 'Generation Iron', '7.1', 'Documentary', '2013'),
('00203', 'Adolf Hitler: The Greatest Story Never Told', '7.7', 'Documentary', '2013'),
('00204', 'Tricked: The Documentary', '6.1', 'Documentary', '2013'),
('00205', 'Inequality for All', '8.1', 'Documentary', '2013'),
('00206', 'Citizenfour', '8.1', 'Documentary', '2014'),
('00207', 'The Salt of the Earth', '8.4', 'Documentary', '2014'),
('00208', 'Cowspiracy: The Sustainability Secret', '8.4', 'Documentary', '2014'),
('00209', 'The Look of Silence', '8.3', 'Documentary', '2014'),
('00210', 'Fed Up', '7.7', 'Documentary', '2014'),
('00211', 'Hot Girls Wanted', '6.1', 'Documentary', '2015'),
('00212', 'Going Clear: Scientology and the Prison of Belief', '8.1', 'Documentary', '2015'),
('00213', 'Cartel Land', '7.4', 'Documentary', '2015'),
('00214', 'The Fear of 13', '7.7', 'Documentary', '2015'),
('00215', 'Amy', '7.8', 'Documentary', '2015'),
('00216', 'I Am Not Your Negro', '7.1', 'Documentary', '2016'),
('00217', 'Beware the Slenderman', '6.3', 'Documentary', '2016'),
('00218', '13th', '8.2', 'Documentary', '2016'),
('00219', 'O.J.: Made in America', '9.0', 'Documentary', '2016'),
('00220', 'Zero Days', '7.8', 'Documentary', '2016'),
('1', 'Clueless', '6.8', 'Romance', '1995'),
('10000', 'Jumanji', '7.1', 'Comedy', '1995'),
('10001', 'Bye Bye Birdie', '6.5', 'Comedy', '1995'),
('10002', 'Toy Story', '8.1', 'Comedy', '1995'),
('10003', 'The Wizard of Oz in Concert', '8', 'Comedy', '1995'),
('10004', 'French Kiss', '6.5', 'Comedy', '1995'),
('10005', 'Home Alone 3', '4.3', 'Comedy', '1997'),
('10006', 'The Land Before Time V ', '6.5', 'Comedy', '1995'),
('10007', 'Life Is Beautiful', '9', 'Comedy', '1997'),
('10008', 'The Full Monty', '7.2', 'Comedy', '1997'),
('10009', 'The Man Who Knew Too Little', '7.5', 'Comedy', '1997'),
('10010', 'The Hangover', '8.2', 'Comedy', '2009'),
('10011', 'Team America: World Police', '6.9', 'Comedy', '2004'),
('10012', 'Superbad', '8.5', 'Comedy', '2007'),
('10013', 'Beerfest', '6.2', 'Comedy', '2006'),
('10014', 'Harold & Kumar Go To White Castle', '7.3', 'Comedy', '2004'),
('10015', 'Grandma Boy', '7.5', 'Comedy', '2006'),
('10016', 'Super Troopers ', '7.8', 'Comedy', '2001'),
('10017', 'Achorman: The Legend of Ron Burgundy', '7.2', 'Comedy', '2004'),
('10018', 'Shaun of the Dead', '7.8', 'Comedy', '2004'),
('10019', 'Scary Movie', '6.2', 'Comedy', '2000'),
('10020', 'Jackass: The Movie', '6.2', 'Comedy', '2002'),
('10021', 'Tropic Thunder', '8', 'Comedy', '2008'),
('10022', 'Dude Where\'s My Car?', '5.5', 'Comedy', '2000'),
('10023', 'Without a Paddle', '5.9', 'Comedy', '2004'),
('10024', 'Pineapple Express', '7', 'Comedy', '2008'),
('10025', 'Miss March', '5', 'Comedy', '2009'),
('10026', 'Old School', '7.2', 'Comedy', '2003'),
('10027', 'Tucker and Dale vs Evil', '7.6', 'Comedy', '2010'),
('10028', 'Step Brothers', '6.9', 'Comedy', '2008'),
('10029', 'Idiocracy', '6.6', 'Comedy', '2006'),
('10030', 'The Onion Movie', '6.3', 'Comedy', '2008'),
('10031', 'Club Dread', '5.6', 'Comedy', '2004'),
('10032', 'Hot Fuzz', '7.9', 'Comedy', '2007'),
('10033', 'Smiley Face', '5.8', 'Comedy', '2007'),
('10034', 'Bad Santa', '7.2', 'Comedy', '2003'),
('10035', 'Dodgeball: A True Underdog Story', '6.7', 'Comedy', '2004'),
('10036', 'Borat', '7.3', 'Comedy', '2006'),
('10037', 'Johnny English', '6.1', 'Comedy', '2003'),
('10038', 'Tenacious D in The Pick of Destiny', '6.8', 'Comedy', '2006'),
('10039', 'Rat Race', '6.4', 'Comedy', '2001'),
('10041', 'Horrible Bosses', '6.9', 'Comedy', '2011'),
('10042', 'The Hangover Part II', '6.5', 'Comedy', '2011'),
('10043', 'Sex Drive', '6.5', 'Comedy', '2008'),
('10044', 'Role Models', '6.9', 'Comedy', '2008'),
('10046', 'American Pie 2', '6.4', 'Comedy', '2001'),
('10047', 'Waiting', '6.8', 'Comedy', '2005'),
('10048', 'Deadheads', '5.4', 'Comedy', '2011'),
('10049', 'Clerks II', '7.4', 'Comedy', '2006'),
('10050', 'Road Trip', '6.5', 'Comedy', '2000'),
('10051', 'Ted', '7', 'Comedy', '2012'),
('10052', 'Accepted', '6.5', 'Comedy', '2006'),
('10053', 'Zombieland', '7.7', 'Comedy', '2009'),
('10054', 'Wet Hot American Summer', '6.7', 'Comedy', '2001'),
('10055', 'The 41-Year-Old-Virgin', '2.6', 'Comedy', '2010'),
('10056', 'Strang Wilderness', '5.3', 'Comedy', '2008'),
('10057', 'The Rocker', '6.2', 'Comedy', '2008'),
('10058', 'Hot Rod', '6.7', 'Comedy', '2007'),
('10059', 'The Inbetweeners Movie', '6.8', 'Comedy', '2011'),
('10060', 'Freddy Got Fingered', '4.5', 'Comedy', '2001'),
('10061', 'Black Dynamite', '7.4', 'Comedy', '2009'),
('10062', 'Get Him to the Greek', '6.4', 'Comedy', '2010'),
('10063', 'How High', '6.3', 'Comedy', '2001'),
('10064', 'The Longest Yard', '6.4', 'Comedy', '2005'),
('10065', 'Observe and Report', '5.8', 'Comedy', '2009'),
('10066', 'Pottie Tang', '5.2', 'Comedy', '2001'),
('10068', 'Zoolander', '6.6', 'Comedy', '2001'),
('10069', 'I Love You Man', '7', 'Comedy', '2009'),
('10071', 'Walk Hard: The Dewey Cox Story', '6.7', 'Comedy', '2007'),
('10073', 'EuroTrip', '6.6', 'Comedy', '2004'),
('10074', 'The Other Guys', '6.7', 'Comedy', '2010'),
('10075', 'All G Indahouse', '6.2', 'Comedy', '2002'),
('10076', 'Elf', '6.9', 'Comedy', '2003'),
('10077', 'Four Lions', '7.3', 'Comedy', '2010'),
('10078', 'Austin Powers in GoldMember', '6.2', 'Comedy', '2002'),
('10079', 'Napoleon Dynamite', '6.9', 'Comedy', '2004'),
('10080', 'The Godfather', '9.2', 'Drama', '1972'),
('10081', 'The Godfather: Part II', '9', 'Drama', '1974'),
('10082', 'The Dark Knight', '9', 'Drama', '2008'),
('10083', 'Pulp Fiction', '8.9', 'Drama', '1994'),
('10084', 'Heat', '8.2', 'Drama', '1995'),
('10085', 'Leon: The Professional', '8.6', 'Drama', '1994'),
('10086', 'Gladiator', '8.5', 'Drama', '2000'),
('10087', 'Schindler\'s List', '8.9', 'Drama', '1993'),
('10089', 'Crash', '7.8', 'Drama', '2004'),
('10090', 'Saving Private Ryan', '8.6', 'Drama', '1998'),
('10091', 'The Departed', '8.5', 'Drama', '2006'),
('10092', 'The Shawshank Redemption', '9.3', 'Drama', '1994'),
('10093', 'Black Swan', '8', 'Drama', '2010'),
('10094', 'Fight Club', '8.8', 'Drama', '1999'),
('10095', 'No Country for Old Men', '8.1', 'Drama', '2007'),
('10096', 'A Very Long Engagement', '7.7', 'Drama', '2004'),
('10097', 'Children Of Heaven', '8.4', 'Drama', '1997'),
('10098', 'Gran Torino', '8.2', 'Drama', '2008'),
('10099', 'Ragin Bull', '8.2', 'Drama', '1980'),
('10100', 'The Legend of 1900', '8.1', 'Drama', '1998'),
('10101', 'Malena', '7.5', 'Drama', '2000'),
('10102', 'Eyes Wide Shut', '7.3', 'Drama', '1999'),
('10103', 'Stalag 17', '8', 'Drama', '1953'),
('10104', 'The Green Mile', '8.5', 'Drama', '1999'),
('10105', 'Mulholland Dr.', '8', 'Drama', '2001'),
('10106', 'Million Dollar Baby', '8.1', 'Drama', '2004'),
('10107', 'Dog Day Afternoon', '8', 'Drama', '1975'),
('10108', 'Little Miss Sunshine', '7.8', 'Drama', '2006'),
('10109', 'The Planist', '8.5', 'Drama', '2002'),
('10110', 'Amores Perros', '8.1', 'Drama', '2000'),
('10111', '1900', '7.7', 'Drama', '1976'),
('10112', 'One Flew Over the Cuckoo\'s Nest', '8.7', 'Drama', '1975'),
('10113', 'Forrest Gump', '8.8', 'Drama', '1994'),
('10114', 'The Big Blue', '7.6', 'Drama', '1988'),
('10115', 'The Usual Suspects', '8.6', 'Drama', '1995'),
('10116', 'In the Mood for Love', '8.1', 'Drama', '2000'),
('10117', 'American Beauty', '8.4', 'Drama', '1999'),
('10118', 'The Shining', '8.4', 'Drama', '1980'),
('10119', 'Papillion', '8', 'Drama', '1973'),
('10120', 'Spotlight', '8.1', 'Drama', '2015'),
('10121', 'Scarface', '8.3', 'Drama', '1983'),
('10122', 'Dances with Wolves', '8', 'Drama', '1990'),
('10123', 'Gangs of New York', '7.5', 'Drama', '2002'),
('10124', 'The Grand Budapest Hotel', '8.1', 'Drama', '2014'),
('10125', 'The Revenant', '8', 'Drama', '2015'),
('10126', '21 Grams', '7.7', 'Drama', '2003'),
('10127', 'Downfall', '8.3', 'Drama', '2004'),
('10128', 'Collateral', '7.6', 'Drama', '2004'),
('10129', 'Carlito\'s Way', '7.9', 'Drama', '1993'),
('10130', 'Mystic River', '8', 'Drama', '2003'),
('10131', 'Once Upon a Time in America', '8.4', 'Drama', '1984'),
('10132', 'Requelm for a Dream', '8.4', 'Drama', '2000'),
('10133', 'Doctor Zhivago', '8', 'Drama', '1965'),
('10134', 'Taxi Driver', '8.3', 'Drama', '1976'),
('10135', 'Serpico', '7.8', 'Drama', '1973'),
('10136', 'A Separation', '8.4', 'Drama', '2011'),
('10137', 'The Hunt', '8.3', 'Drama', '2012'),
('10138', 'The Prestige', '8.5', 'Drama', '2006'),
('10139', 'Chinatown', '8.2', 'Drama', '1974'),
('10140', 'The Wrestler', '7.9', 'Drama', '2008'),
('10141', 'There Will Be Blood', '8.1', 'Drama', '2007'),
('10142', 'Braveheart', '8.4', 'Drama', '1995'),
('10143', 'Se7en', '8.6', 'Drama', '1995'),
('10144', 'The Bridge on the River Kwai', '8.2', 'Drama', '1957'),
('40000', 'Balto', '7.1', 'Family', '1995'),
('40010', 'Babe', '6.8', 'Family', '1995'),
('40020', 'A Goofy Movie', '6.8', 'Family', '1995'),
('40030', 'A Little Princess', '7.7', 'Family', '1995'),
('40040', 'Matilda', '6.8', 'Family', '1996'),
('40050', 'The Hunchback of Notre Dame', '6.9', 'Family', '1996'),
('40060', 'James and the Giant Peach', '6.7', 'Family', '1996'),
('40070', 'Anastasia', '7.1', 'Family', '1997'),
('40080', 'Hercules', '7.2', 'Family', '1997'),
('40090', 'A Bug\'s Life', '7.2', 'Family', '1998'),
('40100', 'Mulan', '7.5', 'Family', '1998'),
('40110', 'The Prince of Egypt', '7', 'Family', '1998'),
('40120', 'Antz', '6.6', 'Family', '1998'),
('40130', 'Tarzan', '7.2', 'Family', '1999'),
('40140', 'The Iron Giant', '8', 'Family', '1999'),
('40150', 'Toy Story 2', '7.9', 'Family', '1999'),
('40160', 'October Sky', '7.8', 'Family', '1999'),
('40170', 'The Emperor\'s New Groove', '7.3', 'Family', '2000'),
('40180', 'Chicken Run', '7', 'Family', '2000'),
('40190', 'The Road to El Dorado', '6.9', 'Family', '2000'),
('40200', 'Shrek', '7.9', 'Family', '2001'),
('40210', 'Atlantis: The Lost Empire', '6.8', 'Family', '2001'),
('40220', 'Spiritied Away', '8.6', 'Family', '2001'),
('40230', 'Monsters, Inc.', '8.1', 'Family', '2001'),
('40240', 'Harry Potter and the Sorcerer\'s Strone', '7.5', 'Family', '2001'),
('40250', 'Treasure Planet', '7.1', 'Family', '2002'),
('40260', 'Ice Age', '7.6', 'Family', '2002'),
('40270', 'Harry Potter and the Chamber of Secrets', '7.5', 'Family', '2002'),
('40280', 'Lilo & Stitch', '7.2', 'Family', '2002'),
('40290', 'Finding Nemo', '8.1', 'Family', '2003'),
('40300', 'Holes', '7.1', 'Family', '2003'),
('40310', 'Peter Pan', '6.9', 'Family', '2003'),
('40320', 'Brother Bear', '6.8', 'Family', '2003'),
('40330', 'Secondhand Lions', '7.6', 'Family', '2003'),
('40350', 'Shrek 2', '7.2', 'Family', '2004'),
('40360', 'The Incredibles', '8', 'Family', '2004'),
('40370', 'National Treasure', '6.9', 'Family', '2004'),
('40380', 'Howl\'s Moving Castle', '8.2', 'Family', '2004'),
('40390', 'A Series of Unfortunate Events', '6.8', 'Family', '2004'),
('40400', 'Harry Potter and the Prisoner of Azkaban', '7.8', 'Family', '2004'),
('40410', 'The Polar Express', '6.6', 'Family', '2004'),
('40420', 'Corpse Bride', '7.4', 'Family', '2005'),
('40430', 'Harry Potter and the Goblet of Fire', '7.8', 'Family', '2005'),
('40440', 'The Chronicles of Narnia: The Lion, the Witch, and the Wardrobe', '6.9', 'Family', '2005'),
('40450', 'Nanny McPhee', '6.6', 'Family', '2005'),
('40460', 'Eight Below', '7.3', 'Family', '2006'),
('40470', 'Ice Age: The Meltdown', '6.9', 'Family', '2006'),
('40480', 'Cars', '7.1', 'Family', '2006'),
('40490', 'Over the Hedge', '6.8', 'Family', '2006'),
('40500', 'Monster House', '6.6', 'Family', '2006'),
('40510', 'Meet the Robinsons', '6.9', 'Family', '2007'),
('40530', 'Ratatouille', '8', 'Family', '2007'),
('40540', 'Harry Potter and the Order of the Pheonix', '7.5', 'Family', '2007'),
('40560', 'Bridge to Terabithia', '7.2', 'Family', '2007'),
('40570', 'Surf\'s Up', '6.7', 'Family', '2007'),
('40580', 'Kung Fu Panda', '7.6', 'Family', '2008'),
('40590', 'Marley & Me', '7.1', 'Family', '2008'),
('40600', 'Wall-E', '8.4', 'Family', '2008'),
('40610', 'Ponyo', '7.7', 'Family', '2008'),
('40620', 'Bolt', '6.9', 'Family', '2008'),
('40630', 'Fantastic Mr. Fox', '7.8', 'Family', '2009'),
('40640', 'Cloudy with a Chance of Meatballs', '7', 'Family', '2009'),
('40650', 'A Christmas Carol', '6.8', 'Family', '2009'),
('40660', 'Where the Wild Things Are', '6.8', 'Family', '2009'),
('40670', 'Coraline', '7.8', 'Family', '2009'),
('40680', 'Up', '8.3', 'Family', '2009'),
('40690', 'The Princess and the Frog', '7.1', 'Family', '2009'),
('40700', 'Harry Potter and the Half-Blood Prince', '7.5', 'Family', '2009'),
('40710', 'How to Train Your Dragon', '8.2', 'Family', '2010'),
('40720', 'Tangled', '7.8', 'Family', '2010'),
('40730', 'Toy Story 3', '8.3', 'Family', '2010'),
('40740', 'Harry Potter and the Deathly Hallows: Part 1', '7.8', 'Family', '2010'),
('40750', 'Despicable Me', '7.8', 'Family', '2010'),
('40760', 'Megamind', '7.3', 'Family', '2010'),
('40770', 'The Secret World of Arrietty', '7.6', 'Family', '2010'),
('40780', 'The Muppets', '7.1', 'Family', '2011'),
('40790', 'Hugo', '7.5', 'Family', '2011'),
('40800', 'The Adventures of Tintin', '7.4', 'Family', '2011'),
('40810', 'Kung Fu Panda 2', '7.3', 'Family', '2011'),
('40820', 'Rango', '7.2', 'Family', '2011'),
('40830', 'Hotel Transylvania', '7.1', 'Family', '2012'),
('40840', 'ParaNorman', '7', 'Family', '2012'),
('40850', 'Brave', '7.2', 'Family', '2012'),
('40860', 'Rise of the Guardians', '7.3', 'Family', '2012'),
('40870', 'Wreck-It Ralph', '7.8', 'Family', '2012'),
('40880', 'Frankenweenie', '7', 'Family', '2012'),
('40890', 'Despicable Me 2', '7.5', 'Family', '2013'),
('40900', 'The Croods', '7.2', 'Family', '2013'),
('40910', 'Frozen', '7.5', 'Family', '2013'),
('40920', 'Monsters University', '7.3', 'Family', '2013'),
('40930', 'Epic', '6.7', 'Family', '2013'),
('40940', 'The Book of Life', '7.3', 'Family', '2014'),
('40950', 'The LEGO Movie', '7.8', 'Family', '2014'),
('40960', 'How to Train Your Dragon 2', '7.9', 'Family', '2014'),
('40970', 'Big Hero 6', '7.9', 'Family', '2014'),
('40980', 'Paddington', '7.2', 'Family', '2014'),
('40990', 'Maleficent', '7', 'Fantasy', '2014'),
('41000', 'The Peanuts Movie', '7.1', 'Family', '2015'),
('41010', 'Cinderella', '7', 'Family', '2015'),
('41020', 'Inside Out', '8.2', 'Family', '2015'),
('41030', 'The Little Prince', '7.8', 'Family', '2015'),
('41040', 'Fantastic Beasts and Where to Find Them', '7.6', 'Family', '2016'),
('41050', 'The Jungle Book', '7.5', 'Family', '2016'),
('41060', 'Finding Dory', '7.5', 'Family', '2016'),
('41070', 'Zootopia', '8.1', 'Family', '2016'),
('41080', 'Kubo and the Two Strings', '7.9', 'Family', '2016'),
('41090', 'Moana', '7.8', 'Family', '2016'),
('41100', 'The Lord of the Rings: The Return of the King', '8.9', 'Fantasy', '2003'),
('41110', 'The Lord of the Rings: The Fellowship of the Ring', '8.8', 'Fantasy', '2001'),
('41120', 'Star Wars: Episode V - The Empire Strikes Back', '8.8', 'Fantasy', '1980'),
('41130', 'The Lord of the Rings: The Two Towers', '8.7', 'Fantasy', '2002'),
('41140', 'Princess Mononoke', '8.4', 'Fantasy', '1997'),
('41150', 'Pan\'s Labryinth', '8.2', 'Fantasy', '2006'),
('41160', 'Star Wars: The Force Awakens', '8.1', 'Fantasy', '2015'),
('41170', 'The Princess Bride', '8.1', 'Fantasy', '1987'),
('41180', 'Big Fish', '8', 'Fantasy', '2003'),
('41190', 'The Man from Earth', '8', 'Fantasy', '2007'),
('41200', 'The Hobbit: An Unexpected Journey', '7.9', 'Fantasy', '2012'),
('41210', 'The Hobbit: Desolation of Smaug', '7.9', 'Fantasy', '2013'),
('41220', 'Life of Pi', '7.9', 'Fantasy', '2012'),
('41230', 'Edward Scissorhands', '7.9', 'Fantasy', '1990'),
('41240', 'Mr. Nobody', '7.9', 'Fantasy', '2009'),
('41250', 'The Fall', '7.9', 'Fantasy', '2006'),
('41260', 'Crouching Tiger, Hidden Dragon', '7.9', 'Fantasy', '2000'),
('41270', 'Avatar', '7.8', 'Fantasy', '2009'),
('41280', 'Ghostbusters', '7.8', 'Fantasy', '1984'),
('41290', 'The Curious Case of Benjamin Button', '7.8', 'Fantasy', '2008'),
('41300', 'Being John Malkovich', '7.8', 'Fantasy', '1999'),
('41310', 'Doctor Strange', '7.7', 'Fantasy', '2016'),
('41320', '300', '7.7', 'Fantasy', '2006'),
('41330', 'Midnight in Paris', '7.7', 'Fantasy', '2011'),
('41340', 'Interview with the Vampire', '7.6', 'Fantasy', '1994'),
('41350', 'Stranger Than Fiction', '7.6', 'Fantasy', '2006'),
('41370', 'Beetlejuice', '7.5', 'Fantasy', '1998'),
('41380', 'X-Men 2', '7.5', 'Fantasy', '2003'),
('41390', 'The Hobbit: The Battle of the Five Armies', '7.4', 'Fantasy', '2014'),
('41400', 'The NeverEnding Story', '7.4', 'Fantasy', '1984'),
('41410', 'Labyrinth', '7.4', 'Fantasy', '1986'),
('41420', 'Sleepy Hollow', '7.4', 'Fantasy', '1999'),
('41430', 'The Secret Life of Walter Mitty', '7.3', 'Fantasy', '2013'),
('41450', 'Underworld', '7', 'Fantasy', '2003'),
('41460', 'Thor', '7', 'Fantasy', '2011'),
('41470', 'The Mummy', '7', 'Fantasy', '1999'),
('41480', 'Ghost', '7', 'Fantasy', '1990'),
('41490', 'Scrooged', '7', 'Fantasy', '1988'),
('41500', 'If I Stay', '6.8', 'Fantasy', '2014'),
('41510', 'The Addams Family', '6.8', 'Fantasy', '1991'),
('41520', 'The Imaginarium of Doctor Parnassus', '6.8', 'Fantasy', '2009'),
('41530', 'Penelope', '6.8', 'Fantasy', '2006'),
('41540', 'Charlie and the Chocolate Factory', '6.7', 'Fantasy', '2005'),
('41550', 'Star Wars: Episode II - Attack of the Clones', '6.7', 'Fantasy', '2002'),
('41560', 'The Lovely Bones', '6.7', 'Fantasy', '2009'),
('41570', 'X-Men: The Last Stand', '6.7', 'Fantasy', '2006'),
('41580', 'The Gift', '6.7', 'Fantasy', '2000'),
('41590', 'Hocus Pocus', '6.7', 'Fantasy', '1993'),
('41600', 'City of Angels', '6.7', 'Fantasy', '1998'),
('41610', 'Just Like Heaven', '6.7', 'Fantasy', '2005'),
('41620', 'Underworld: Rise of the Lycans', '6.6', 'Fantasy', '2009'),
('41630', 'The Chronicles of Narnia: Prince Caspian', '6.6', 'Fantasy', '2008'),
('41640', 'Prince of Persia: The Sands of Time', '6.6', 'Fantasy', '2010'),
('41650', 'The Spiderwick Chronicles', '6.6', 'Fantasy', '2008'),
('41660', 'Addams Family Values', '6.6', 'Fantasy', '1993'),
('41670', 'Star Wars: Episode I - The Phantom Menace', '6.5', 'Fantasy', '1999'),
('41680', 'Alice in Wonderland', '6.5', 'Fantasy', '2010'),
('41690', 'Charlie St. Cloud', '6.5', 'Fantasy', '2010'),
('41700', 'City of Ember', '6.5', 'Fantasy', '2008'),
('41710', 'The Water Horse', '6.5', 'Fantasy', '2007'),
('41720', 'The Witches of Eastwick', '6.5', 'Fantasy', '1987'),
('41730', 'Underworld: Awakening', '6.4', 'Fantasy', '2012'),
('41740', 'The BFG', '6.4', 'Fantasy', '2016'),
('41750', 'Click', '6.4', 'Fantasy', '2006'),
('41760', 'The Woman in Black', '6.4', 'Fantasy', '2012'),
('41770', 'Kate & Leopold', '6.4', 'Fantasy', '2001'),
('41780', 'The Invention of Lying', '6.4', 'Fantasy', '2009'),
('41790', 'Charlotte\'s Web', '6.4', 'Fantasy', '2006'),
('41800', 'The Santa Clause', '6.4', 'Fantasy', '1994'),
('41810', 'Alice Through the Looking Glass', '6.3', 'Fantasy', '2016'),
('41820', 'Oz the Great and Powerful', '6.3', 'Fantasy', '2013'),
('41830', 'The Mummy Returns', '6.3', 'Fantasy', '2001'),
('41840', 'Space Jam', '6.3', 'Fantasy', '1996'),
('41850', 'The Chronicles of Narnia: The Voyage of the Dawn Treader', '6.3', 'Fantasy', '2010'),
('41860', 'Ella Enchanted', '6.3', 'Fantasy', '2004'),
('41870', 'It\'s a Boy Girl Thing', '6.3', 'Fantasy', '2006'),
('41880', 'Jack the Giant Slayer', '6.3', 'Fantasy', '2013'),
('41890', 'Dorian Gray', '6.3', 'Fantasy', '2009'),
('41900', 'Dark Shadows', '6.2', 'Fantasy', '2012'),
('41910', 'Practical Magic', '6.2', 'Fantasy', '1998'),
('41920', 'Splash', '6.2', 'Fantasy', '1984'),
('41930', 'Mr. Magorium\'s Wonder Emporium', '6.2', 'Fantasy', '2007'),
('41940', 'Sucker Punch', '6.1', 'Fantasy', '2011'),
('41950', 'The Golden Compass', '6.1', 'Fantasy', '2007'),
('41960', 'Bedtime Stories', '6.1', 'Fantasy', '2008'),
('41970', 'The Sorcerer\'s Apprentice', '6.1', 'Fantasy', '2010'),
('41980', 'Zathura: A Space Adventure', '6.1', 'Fantasy', '2005'),
('41990', 'Inkheart', '6.1', 'Fantasy', '2008'),
('42000', 'Dragonfly', '6.1', 'Fantasy', '2002'),
('42010', 'The Tale of Despereaux', '6.1', 'Fantasy', '2008'),
('42020', 'Into the Woods', '6', 'Fantasy', '2014'),
('42030', 'Casper', '6', 'Fantasy', '1995');

ALTER TABLE `movies`
  MODIFY `MOVIE_ID` int(5) NOT NULL AUTO_INCREMENT, AUTO_INCREMENT=42031;

-- --------------------------------------------------------

--
-- Table structure for table `movies2`
--

CREATE TABLE `movies2` (
  `movie_id` int(5) NOT NULL,
  `TITLE` varchar(100) NOT NULL,
  `RATING` varchar(3) DEFAULT NULL,
  `GENRE` varchar(15) DEFAULT NULL,
  `RELEASEDATE` char(4) DEFAULT NULL
) ENGINE=InnoDB DEFAULT CHARSET=latin1;

--
-- Dumping data for table `movies2`
--

INSERT INTO `movies2` (`movie_id`, `TITLE`, `RATING`, `GENRE`, `RELEASEDATE`) VALUES
(2, 'Before Sunrise', '8.1', 'Romance', '1995'),
(3, 'The American President', '6.8', 'Romance', '1995'),
(4, 'Sense and Sensibility', '7.7', 'Romance', '1995'),
(5, 'While You Were Sleeping', '6.7', 'Romance', '1995'),
(6, 'Romeo + Juliet', '6.8', 'Romance', '1996'),
(7, 'Jerry Maguire', '7.3', 'Romance', '1996'),
(8, 'The English Patient', '7.4', 'Romance', '1996'),
(9, 'Emma', '6.8', 'Romance', '1996'),
(10, 'Beautiful Girls', '7.2', 'Romance', '1996'),
(11, 'Titanic', '7.7', 'Romance', '1997'),
(12, 'As Good as it Gets', '7.7', 'Romance', '1997'),
(13, 'My Best Friend\'s Wedding', '6.3', 'Romance', '1997'),
(14, 'Chasing Amy', '7.3', 'Romance', '1997'),
(15, 'Picture Perfect', '5.5', 'Romance', '1997'),
(16, 'The Parent Trap', '6.4', 'Romance', '1998'),
(17, 'The Wedding Singer', '6.8', 'Romance', '1998'),
(18, 'There\'s Something About Mary', '7.1', 'Romance', '1998'),
(19, 'You\'ve Got Mail', '6.6', 'Romance', '1998'),
(20, 'Can\'t Hardly Wait', '6.5', 'Romance', '1998'),
(21, '10 Things I Hate About You', '7.2', 'Romance', '1999'),
(22, 'Notting Hill', '7.0', 'Romance', '1999'),
(23, 'Varsity Blues', '6.4', 'Romance', '1999'),
(24, 'She\'s All That', '5.8', 'Romance', '1999'),
(25, 'Never Been Kissed', '6.0', 'Romance', '1999'),
(26, 'The Beach', '6.6', 'Romance', '2000'),
(27, 'Coyote Ugly', '5.6', 'Romance', '2000'),
(28, 'Miss Congeniality', '6.2', 'Romance', '2000'),
(29, 'Bring It On', '5.9', 'Romance', '2000'),
(30, 'Meet the Parents', '7.0', 'Romance', '2000'),
(31, 'Legally Blonde', '6.2', 'Romance', '2001'),
(32, 'Pearl Harbor', '6.1', 'Romance', '2001'),
(33, 'Amelie', '8.4', 'Romance', '2001'),
(34, 'The Princess Diaries', '6.2', 'Romance', '2001'),
(35, 'Bridget Jones\'s Diary', '6.7', 'Romance', '2001'),
(36, 'A Walk to Remember', '7.4', 'Romance', '2002'),
(37, 'Sweet Home Alabama', '6.2', 'Romance', '2002'),
(38, 'My Big Fat Greek Wedding', '6.6', 'Romance', '2002'),
(39, 'About a Boy', '7.1', 'Romance', '2002'),
(40, 'Secretary', '7.1', 'Romance', '2002'),
(41, 'Love Actually', '7.7', 'Romance', '2003'),
(42, 'How to Lose a Guy in 10 Days', '6.4', 'Romance', '2003'),
(43, 'Cold Mountain', '7.2', 'Romance', '2003'),
(44, 'American Wedding', '6.3', 'Romance', '2003'),
(45, 'Under the Tuscan Sun', '6.7', 'Romance', '2003'),
(46, 'The Notebook', '7.9', 'Romance', '2004'),
(47, 'The Girl Next Door', '6.8', 'Romance', '2004'),
(48, '50 First Dates', '6.8', 'Romance', '2004'),
(49, '13 Going on 30', '6.1', 'Romance', '2004'),
(50, 'A Cinderella Story', '5.9', 'Romance', '2004'),
(51, 'Pride & Prejudice', '7.8', 'Romance', '2005'),
(52, 'Wedding Crashers', '7.0', 'Romance', '2005'),
(53, 'The 40-Year-Old-Virgin', '7.1', 'Romance', '2005'),
(54, 'Walk the Line', '7.9', 'Romance', '2005'),
(55, 'Hitch', '6.6', 'Romance', '2005'),
(56, 'Step Up', '6.5', 'Romance', '2006'),
(57, 'She\'s the Man', '6.4', 'Romance', '2006'),
(58, 'John Tucker Must Die', '5.8', 'Romance', '2006'),
(59, 'The Holiday', '6.9', 'Romance', '2006'),
(60, 'The Break-Up', '5.8', 'Romance', '2006'),
(61, 'P.S. I Love You', '7.1', 'Romance', '2007'),
(62, 'Hairspray', '6.7', 'Romance', '2007'),
(63, 'Knocked Up', '7.0', 'Romance', '2007'),
(64, 'Stardust', '7.7', 'Romance', '2007'),
(65, 'Enchanted', '7.1', 'Romance', '2007'),
(66, 'Twilight', '5.2', 'Romance', '2008'),
(67, 'Forgetting Sarah Marshall', '7.2', 'Romance', '2008'),
(68, '27 Dresses', '6.1', 'Romance', '2008'),
(69, 'Mamma Mia!', '6.4', 'Romance', '2008'),
(70, 'Fool\'s Gold', '5.7', 'Romance', '2008'),
(71, 'Up in the Air', '7.4', 'Romance', '2009'),
(72, '500 Days of Summer', '7.7', 'Romance', '2009'),
(73, 'The Proposal', '6.7', 'Romance', '2009'),
(74, 'He\'s Just Not That Into You', '6.4', 'Romance', '2009'),
(75, 'The Ugly Truth', '6.5', 'Romance', '2009'),
(76, 'Easy A', '7.1', 'Romance', '2010'),
(77, 'Scott Pilgrim vs. the World', '7.5', 'Romance', '2010'),
(78, 'Love & Other Drugs', '6.7', 'Romance', '2010'),
(79, 'Life as We Know It', '6.6', 'Romance', '2010'),
(80, 'Dear John', '6.3', 'Romance', '2010'),
(81, 'Crazy, Stupid, Love', '7.4', 'Romance', '2011'),
(82, 'Bridesmaids', '6.8', 'Romance', '2011'),
(83, 'Hall Pass', '5.9', 'Romance', '2011'),
(84, 'Just Go With It', '6.4', 'Romance', '2011'),
(85, 'Friends with Benefits', '6.6', 'Romance', '2011'),
(86, 'Pitch Perfect', '7.2', 'Romance', '2012'),
(87, 'The Perks of Being a Wallflower', '8.0', 'Romance', '2012'),
(88, 'The Vow', '6.8', 'Romance', '2012'),
(89, 'Silver Linings Playbook', '7.8', 'Romance', '2012'),
(90, 'The Lucky One', '6.5', 'Romance', '2012'),
(91, 'The Great Gatsby', '7.3', 'Romance', '2013'),
(92, 'Her', '8.0', 'Romance', '2013'),
(93, 'About Time', '7.8', 'Romance', '2013'),
(94, 'The Spectacular Now', '7.1', 'Romance', '2013'),
(95, 'Safe Haven', '6.7', 'Romance', '2013'),
(96, 'The Best of Me', '6.7', 'Romance', '2014'),
(97, 'The Other Woman', '6.0', 'Romance', '2014'),
(98, 'That Awkward Moment', '6.2', 'Romance', '2014'),
(99, 'Blended', '6.5', 'Romance', '2014'),
(100, 'The Fault in Our Stars', '7.8', 'Romance', '2014'),
(101, 'Fifty Shades of Grey', '4.1', 'Romance', '2015'),
(102, 'The Longest Ride', '7.1', 'Romance', '2015'),
(103, 'The Age of Adaline', '7.2', 'Romance', '2015'),
(104, 'Focus', '6.6', 'Romance', '2015'),
(105, 'Trainwreck', '6.3', 'Romance', '2015'),
(106, 'Me Before You', '7.5', 'Romance', '2016'),
(107, 'The Choice', '6.6', 'Romance', '2016'),
(108, 'Bridget Jones\'s Baby', '6.7', 'Romance', '2016'),
(109, 'How to Be Single', '6.1', 'Romance', '2016'),
(110, 'Passengers', '7.0', 'Romance', '2016'),
(111, 'Trinity and Beyond: The Atomic Bomb Movie', '8.0', 'Documentary', '1995'),
(112, 'Anne Frank Remembered', '8.1', 'Documentary', '1995'),
(113, 'Lumiere and Company', '7.0', 'Documentary', '1995'),
(114, 'Michael Jackson: Video Greatest Hits - History', '8.6', 'Documentary', '1995'),
(115, 'A Personal Journey with Martin Scorsese Through American Movies', '8.6', 'Documentary', '1995'),
(116, 'Paradise Lost: The Child Murders at Robin Hood Hills', '8.4', 'Documentary', '1996'),
(117, 'When We Were Kings', '8.0', 'Documentary', '1996'),
(118, 'The Money Masters', '8.8', 'Documentary', '1996'),
(119, 'Looking for Richard', '7.4', 'Documentary', '1996'),
(120, 'The Rolling Stones Rock and Roll Circus', '7.7', 'Documentary', '1996'),
(121, '4 Little Girls', '7.9', 'Documentary', '1997'),
(122, 'Little Dieter Needs to Fly', '8.1', 'Documentary', '1997'),
(123, 'Lord of the Dance', '8.1', 'Documentary', '1997'),
(124, 'Breaking the Magician\'s Code: Magig\'s Biggest Secrets Finally Revealed', '8.2', 'Documentary', '1997'),
(125, 'Michael Jackson: HIStory on Film Volume II', '8.3', 'Documentary', '1997'),
(126, 'Kurt & Courtney', '6.2', 'Documentary', '1998'),
(127, 'Everest', '7.1', 'Documentary', '1998'),
(128, 'The Last Days', '7.7', 'Documentary', '1998'),
(129, 'Party Monster', '7.2', 'Documentary', '1998'),
(130, 'The Cruise', '7.8', 'Documentary', '1998'),
(131, 'Buena Vista Social Club', '7.6', 'Documentary', '1999'),
(132, 'American Movie', '7.9', 'Documentary', '1999'),
(133, 'Curse of the Blair Witch', '6.4', 'Documentary', '1999'),
(134, 'Beyond the Mat', '7.6', 'Documentary', '1999'),
(135, 'My Best Fiend', '7.9', 'Documentary', '1999'),
(136, 'The Original Kings of Comedy', '6.6', 'Documentary', '2000'),
(137, 'The Endurance', '7.9', 'Documentary', '2000'),
(138, 'Dark Days', '7.8', 'Documentary', '2000'),
(139, 'Into the Arms of a Stranger', '7.8', 'Documentary', '2000'),
(140, 'Sound and Fury', '8.0', 'Documentary', '2000'),
(141, 'Dogtown and Z-Boys', '7.7', 'Documentary', '2001'),
(142, 'Murder on a Sunday Morning', '8.0', 'Documentary', '2001'),
(143, 'We Stand Alone Together', '8.7', 'Documentary', '2001'),
(144, 'Life and Debt', '7.6', 'Documentary', '2001'),
(145, 'Children Underground', '8.3', 'Documentary', '2001'),
(146, 'Stevie', '8.0', 'Documentary', '2002'),
(147, 'Comedian', '7.0', 'Documentary', '2002'),
(148, '9/11', '8.4', 'Documentary', '2002'),
(149, 'Biggie and Tupac', '6.9', 'Documentary', '2002'),
(150, 'Bus 174', '7.9', 'Documentary', '2002'),
(151, 'Touching the Void', '8.1', 'Documentary', '2003'),
(152, 'Capturing the Friedmands', '7.8', 'Documentary', '2003'),
(153, 'Ghosts of the Abyss', '6.9', 'Documentary', '2003'),
(154, 'Born Rich', '6.5', 'Documentary', '2003'),
(155, 'The Corporation', '8.1', 'Documentary', '2003'),
(156, 'Super Size Me', '7.3', 'Documentary', '2004'),
(157, 'Farenheit 9/11', '7.5', 'Documentary', '2004'),
(158, 'H.H. Holmes: America\'s First Serial Killer', '6.4', 'Documentary', '2004'),
(159, 'Alone in the Wilderness', '8.8', 'Documentary', '2004'),
(160, 'The Conscientious Objector', '8.3', 'Documentary', '2004'),
(161, 'Grizzly Man', '7.8', 'Documentary', '2005'),
(162, 'March of the Penguins', '7.6', 'Documentary', '2005'),
(163, 'Earthlings', '8.7', 'Documentary', '2005'),
(164, 'Murderball', '7.8', 'Documentary', '2005'),
(165, 'Enron: The Smartest Guy in the Room', '7.7', 'Documentary', '2005'),
(166, 'Sharkwater', '8.0', 'Documentary', '2006'),
(167, 'An Inconvenient Truth', '7.5', 'Documentary', '2006'),
(168, 'The U.S. vs. John Lennon', '7.4', 'Documentary', '2006'),
(169, 'Jesus Camp', '7.5', 'Documentary', '2006'),
(170, 'Cocaine Cowboys', '7.9', 'Documentary', '2006'),
(171, 'Zeitgeist', '8.2', 'Documentary', '2007'),
(172, 'Sicko', '8.0', 'Documentary', '2007'),
(173, 'Encounters at the End of the World', '7.8', 'Documentary', '2007'),
(174, 'Taxi to the Dark Side', '7.6', 'Documentary', '2007'),
(175, 'In the Shadow of the Moon', '8.1', 'Documentary', '2007'),
(176, 'Dear Zachary: A Letter to a Son About His Father', '8.6', 'Documentary', '2008'),
(177, 'Food, Inc.', '7.9', 'Documentary', '2008'),
(178, 'Man on Wire', '7.8', 'Documentary', '2008'),
(179, 'Food Matters', '7.7', 'Documentary', '2008'),
(180, 'It Might Get Loud', '7.7', 'Documentary', '2008'),
(181, 'The Cove', '8.5', 'Documentary', '2009'),
(182, 'Cropsey', '6.4', 'Documentary', '2009'),
(183, 'This Is It', '7.3', 'Documentary', '2009'),
(184, 'Capitalism: A Love Story', '7.4', 'Documentary', '2009'),
(185, 'Oceans', '7.8', 'Documentary', '2009'),
(186, 'Inside Job', '8.3', 'Documentary', '2010'),
(187, 'Exit Through the Gift Shop', '8.0', 'Documentary', '2010'),
(188, 'Catfish', '7.1', 'Documentary', '2010'),
(189, 'Senna', '8.6', 'Documentary', '2010'),
(190, 'Happy People: A Year in the Taiga', '7.8', 'Documentary', '2010'),
(191, 'Samsara', '8.5', 'Documentary', '2011'),
(192, 'Into the Abyss', '7.3', 'Documentary', '2011'),
(193, 'Undefeated', '7.8', 'Documentary', '2011'),
(194, 'Bully', '7.4', 'Documentary', '2011'),
(195, 'Forks Over Knives', '7.7', 'Documentary', '2011'),
(196, 'The Imposter', '7.5', 'Documentary', '2012'),
(197, 'Searching for Sugar man', '8.2', 'Documentary', '2012'),
(198, 'The Act of Killing', '8.2', 'Documentary', '2012'),
(199, 'West of Memphis', '7.9', 'Documentary', '2012'),
(200, 'The Summit', '6.9', 'Documentary', '2012'),
(201, 'Blackfish', '8.1', 'Documentary', '2013'),
(202, 'Generation Iron', '7.1', 'Documentary', '2013'),
(203, 'Adolf Hitler: The Greatest Story Never Told', '7.7', 'Documentary', '2013'),
(204, 'Tricked: The Documentary', '6.1', 'Documentary', '2013'),
(205, 'Inequality for All', '8.1', 'Documentary', '2013'),
(206, 'Citizenfour', '8.1', 'Documentary', '2014'),
(207, 'The Salt of the Earth', '8.4', 'Documentary', '2014'),
(208, 'Cowspiracy: The Sustainability Secret', '8.4', 'Documentary', '2014'),
(209, 'The Look of Silence', '8.3', 'Documentary', '2014'),
(210, 'Fed Up', '7.7', 'Documentary', '2014'),
(211, 'Hot Girls Wanted', '6.1', 'Documentary', '2015'),
(212, 'Going Clear: Scientology and the Prison of Belief', '8.1', 'Documentary', '2015'),
(213, 'Cartel Land', '7.4', 'Documentary', '2015'),
(214, 'The Fear of 13', '7.7', 'Documentary', '2015'),
(215, 'Amy', '7.8', 'Documentary', '2015'),
(216, 'I Am Not Your Negro', '7.1', 'Documentary', '2016'),
(217, 'Beware the Slenderman', '6.3', 'Documentary', '2016'),
(218, '13th', '8.2', 'Documentary', '2016'),
(219, 'O.J.: Made in America', '9.0', 'Documentary', '2016'),
(220, 'Zero Days', '7.8', 'Documentary', '2016'),
(1, 'Clueless', '6.8', 'Romance', '1995'),
(10000, 'Jumanji', '7.1', 'Comedy', '1995'),
(10001, 'Bye Bye Birdie', '6.5', 'Comedy', '1995'),
(10002, 'Toy Story', '8.1', 'Comedy', '1995'),
(10003, 'The Wizard of Oz in Concert', '8', 'Comedy', '1995'),
(10004, 'French Kiss', '6.5', 'Comedy', '1995'),
(10005, 'Home Alone 3', '4.3', 'Comedy', '1997'),
(10006, 'The Land Before Time V ', '6.5', 'Comedy', '1995'),
(10007, 'Life Is Beautiful', '9', 'Comedy', '1997'),
(10008, 'The Full Monty', '7.2', 'Comedy', '1997'),
(10009, 'The Man Who Knew Too Little', '7.5', 'Comedy', '1997'),
(10010, 'The Hangover', '8.2', 'Comedy', '2009'),
(10011, 'Team America: World Police', '6.9', 'Comedy', '2004'),
(10012, 'Superbad', '8.5', 'Comedy', '2007'),
(10013, 'Beerfest', '6.2', 'Comedy', '2006'),
(10014, 'Harold & Kumar Go To White Castle', '7.3', 'Comedy', '2004'),
(10015, 'Grandma Boy', '7.5', 'Comedy', '2006'),
(10016, 'Super Troopers ', '7.8', 'Comedy', '2001'),
(10017, 'Achorman: The Legend of Ron Burgundy', '7.2', 'Comedy', '2004'),
(10018, 'Shaun of the Dead', '7.8', 'Comedy', '2004'),
(10019, 'Scary Movie', '6.2', 'Comedy', '2000'),
(10020, 'Jackass: The Movie', '6.2', 'Comedy', '2002'),
(10021, 'Tropic Thunder', '8', 'Comedy', '2008'),
(10022, 'Dude Where\'s My Car?', '5.5', 'Comedy', '2000'),
(10023, 'Without a Paddle', '5.9', 'Comedy', '2004'),
(10024, 'Pineapple Express', '7', 'Comedy', '2008'),
(10025, 'Miss March', '5', 'Comedy', '2009'),
(10026, 'Old School', '7.2', 'Comedy', '2003'),
(10027, 'Tucker and Dale vs Evil', '7.6', 'Comedy', '2010'),
(10028, 'Step Brothers', '6.9', 'Comedy', '2008'),
(10029, 'Idiocracy', '6.6', 'Comedy', '2006'),
(10030, 'The Onion Movie', '6.3', 'Comedy', '2008'),
(10031, 'Club Dread', '5.6', 'Comedy', '2004'),
(10032, 'Hot Fuzz', '7.9', 'Comedy', '2007'),
(10033, 'Smiley Face', '5.8', 'Comedy', '2007'),
(10034, 'Bad Santa', '7.2', 'Comedy', '2003'),
(10035, 'Dodgeball: A True Underdog Story', '6.7', 'Comedy', '2004'),
(10036, 'Borat', '7.3', 'Comedy', '2006'),
(10037, 'Johnny English', '6.1', 'Comedy', '2003'),
(10038, 'Tenacious D in The Pick of Destiny', '6.8', 'Comedy', '2006'),
(10039, 'Rat Race', '6.4', 'Comedy', '2001'),
(10041, 'Horrible Bosses', '6.9', 'Comedy', '2011'),
(10042, 'The Hangover Part II', '6.5', 'Comedy', '2011'),
(10043, 'Sex Drive', '6.5', 'Comedy', '2008'),
(10044, 'Role Models', '6.9', 'Comedy', '2008'),
(10046, 'American Pie 2', '6.4', 'Comedy', '2001'),
(10047, 'Waiting', '6.8', 'Comedy', '2005'),
(10048, 'Deadheads', '5.4', 'Comedy', '2011'),
(10049, 'Clerks II', '7.4', 'Comedy', '2006'),
(10050, 'Road Trip', '6.5', 'Comedy', '2000'),
(10051, 'Ted', '7', 'Comedy', '2012'),
(10052, 'Accepted', '6.5', 'Comedy', '2006'),
(10053, 'Zombieland', '7.7', 'Comedy', '2009'),
(10054, 'Wet Hot American Summer', '6.7', 'Comedy', '2001'),
(10055, 'The 41-Year-Old-Virgin', '2.6', 'Comedy', '2010'),
(10056, 'Strang Wilderness', '5.3', 'Comedy', '2008'),
(10057, 'The Rocker', '6.2', 'Comedy', '2008'),
(10058, 'Hot Rod', '6.7', 'Comedy', '2007'),
(10059, 'The Inbetweeners Movie', '6.8', 'Comedy', '2011'),
(10060, 'Freddy Got Fingered', '4.5', 'Comedy', '2001'),
(10061, 'Black Dynamite', '7.4', 'Comedy', '2009'),
(10062, 'Get Him to the Greek', '6.4', 'Comedy', '2010'),
(10063, 'How High', '6.3', 'Comedy', '2001'),
(10064, 'The Longest Yard', '6.4', 'Comedy', '2005'),
(10065, 'Observe and Report', '5.8', 'Comedy', '2009'),
(10066, 'Pottie Tang', '5.2', 'Comedy', '2001'),
(10068, 'Zoolander', '6.6', 'Comedy', '2001'),
(10069, 'I Love You Man', '7', 'Comedy', '2009'),
(10071, 'Walk Hard: The Dewey Cox Story', '6.7', 'Comedy', '2007'),
(10073, 'EuroTrip', '6.6', 'Comedy', '2004'),
(10074, 'The Other Guys', '6.7', 'Comedy', '2010'),
(10075, 'All G Indahouse', '6.2', 'Comedy', '2002'),
(10076, 'Elf', '6.9', 'Comedy', '2003'),
(10077, 'Four Lions', '7.3', 'Comedy', '2010'),
(10078, 'Austin Powers in GoldMember', '6.2', 'Comedy', '2002'),
(10079, 'Napoleon Dynamite', '6.9', 'Comedy', '2004'),
(10080, 'The Godfather', '9.2', 'Drama', '1972'),
(10081, 'The Godfather: Part II', '9', 'Drama', '1974'),
(10082, 'The Dark Knight', '9', 'Drama', '2008'),
(10083, 'Pulp Fiction', '8.9', 'Drama', '1994'),
(10084, 'Heat', '8.2', 'Drama', '1995'),
(10085, 'Leon: The Professional', '8.6', 'Drama', '1994'),
(10086, 'Gladiator', '8.5', 'Drama', '2000'),
(10087, 'Schindler\'s List', '8.9', 'Drama', '1993'),
(10089, 'Crash', '7.8', 'Drama', '2004'),
(10090, 'Saving Private Ryan', '8.6', 'Drama', '1998'),
(10091, 'The Departed', '8.5', 'Drama', '2006'),
(10092, 'The Shawshank Redemption', '9.3', 'Drama', '1994'),
(10093, 'Black Swan', '8', 'Drama', '2010'),
(10094, 'Fight Club', '8.8', 'Drama', '1999'),
(10095, 'No Country for Old Men', '8.1', 'Drama', '2007'),
(10096, 'A Very Long Engagement', '7.7', 'Drama', '2004'),
(10097, 'Children Of Heaven', '8.4', 'Drama', '1997'),
(10098, 'Gran Torino', '8.2', 'Drama', '2008'),
(10099, 'Ragin Bull', '8.2', 'Drama', '1980'),
(10100, 'The Legend of 1900', '8.1', 'Drama', '1998'),
(10101, 'Malena', '7.5', 'Drama', '2000'),
(10102, 'Eyes Wide Shut', '7.3', 'Drama', '1999'),
(10103, 'Stalag 17', '8', 'Drama', '1953'),
(10104, 'The Green Mile', '8.5', 'Drama', '1999'),
(10105, 'Mulholland Dr.', '8', 'Drama', '2001'),
(10106, 'Million Dollar Baby', '8.1', 'Drama', '2004'),
(10107, 'Dog Day Afternoon', '8', 'Drama', '1975'),
(10108, 'Little Miss Sunshine', '7.8', 'Drama', '2006'),
(10109, 'The Planist', '8.5', 'Drama', '2002'),
(10110, 'Amores Perros', '8.1', 'Drama', '2000'),
(10111, '1900', '7.7', 'Drama', '1976'),
(10112, 'One Flew Over the Cuckoo\'s Nest', '8.7', 'Drama', '1975'),
(10113, 'Forrest Gump', '8.8', 'Drama', '1994'),
(10114, 'The Big Blue', '7.6', 'Drama', '1988'),
(10115, 'The Usual Suspects', '8.6', 'Drama', '1995'),
(10116, 'In the Mood for Love', '8.1', 'Drama', '2000'),
(10117, 'American Beauty', '8.4', 'Drama', '1999'),
(10118, 'The Shining', '8.4', 'Drama', '1980'),
(10119, 'Papillion', '8', 'Drama', '1973'),
(10120, 'Spotlight', '8.1', 'Drama', '2015'),
(10121, 'Scarface', '8.3', 'Drama', '1983'),
(10122, 'Dances with Wolves', '8', 'Drama', '1990'),
(10123, 'Gangs of New York', '7.5', 'Drama', '2002'),
(10124, 'The Grand Budapest Hotel', '8.1', 'Drama', '2014'),
(10125, 'The Revenant', '8', 'Drama', '2015'),
(10126, '21 Grams', '7.7', 'Drama', '2003'),
(10127, 'Downfall', '8.3', 'Drama', '2004'),
(10128, 'Collateral', '7.6', 'Drama', '2004'),
(10129, 'Carlito\'s Way', '7.9', 'Drama', '1993'),
(10130, 'Mystic River', '8', 'Drama', '2003'),
(10131, 'Once Upon a Time in America', '8.4', 'Drama', '1984'),
(10132, 'Requelm for a Dream', '8.4', 'Drama', '2000'),
(10133, 'Doctor Zhivago', '8', 'Drama', '1965'),
(10134, 'Taxi Driver', '8.3', 'Drama', '1976'),
(10135, 'Serpico', '7.8', 'Drama', '1973'),
(10136, 'A Separation', '8.4', 'Drama', '2011'),
(10137, 'The Hunt', '8.3', 'Drama', '2012'),
(10138, 'The Prestige', '8.5', 'Drama', '2006'),
(10139, 'Chinatown', '8.2', 'Drama', '1974'),
(10140, 'The Wrestler', '7.9', 'Drama', '2008'),
(10141, 'There Will Be Blood', '8.1', 'Drama', '2007'),
(10142, 'Braveheart', '8.4', 'Drama', '1995'),
(10143, 'Se7en', '8.6', 'Drama', '1995'),
(10144, 'The Bridge on the River Kwai', '8.2', 'Drama', '1957'),
(40000, 'Balto', '7.1', 'Family', '1995'),
(40010, 'Babe', '6.8', 'Family', '1995'),
(40020, 'A Goofy Movie', '6.8', 'Family', '1995'),
(40030, 'A Little Princess', '7.7', 'Family', '1995'),
(40040, 'Matilda', '6.8', 'Family', '1996'),
(40050, 'The Hunchback of Notre Dame', '6.9', 'Family', '1996'),
(40060, 'James and the Giant Peach', '6.7', 'Family', '1996'),
(40070, 'Anastasia', '7.1', 'Family', '1997'),
(40080, 'Hercules', '7.2', 'Family', '1997'),
(40090, 'A Bug\'s Life', '7.2', 'Family', '1998'),
(40100, 'Mulan', '7.5', 'Family', '1998'),
(40110, 'The Prince of Egypt', '7', 'Family', '1998'),
(40120, 'Antz', '6.6', 'Family', '1998'),
(40130, 'Tarzan', '7.2', 'Family', '1999'),
(40140, 'The Iron Giant', '8', 'Family', '1999'),
(40150, 'Toy Story 2', '7.9', 'Family', '1999'),
(40160, 'October Sky', '7.8', 'Family', '1999'),
(40170, 'The Emperor\'s New Groove', '7.3', 'Family', '2000'),
(40180, 'Chicken Run', '7', 'Family', '2000'),
(40190, 'The Road to El Dorado', '6.9', 'Family', '2000'),
(40200, 'Shrek', '7.9', 'Family', '2001'),
(40210, 'Atlantis: The Lost Empire', '6.8', 'Family', '2001'),
(40220, 'Spiritied Away', '8.6', 'Family', '2001'),
(40230, 'Monsters, Inc.', '8.1', 'Family', '2001'),
(40240, 'Harry Potter and the Sorcerer\'s Strone', '7.5', 'Family', '2001'),
(40250, 'Treasure Planet', '7.1', 'Family', '2002'),
(40260, 'Ice Age', '7.6', 'Family', '2002'),
(40270, 'Harry Potter and the Chamber of Secrets', '7.5', 'Family', '2002'),
(40280, 'Lilo & Stitch', '7.2', 'Family', '2002'),
(40290, 'Finding Nemo', '8.1', 'Family', '2003'),
(40300, 'Holes', '7.1', 'Family', '2003'),
(40310, 'Peter Pan', '6.9', 'Family', '2003'),
(40320, 'Brother Bear', '6.8', 'Family', '2003'),
(40330, 'Secondhand Lions', '7.6', 'Family', '2003'),
(40350, 'Shrek 2', '7.2', 'Family', '2004'),
(40360, 'The Incredibles', '8', 'Family', '2004'),
(40370, 'National Treasure', '6.9', 'Family', '2004'),
(40380, 'Howl\'s Moving Castle', '8.2', 'Family', '2004'),
(40390, 'A Series of Unfortunate Events', '6.8', 'Family', '2004'),
(40400, 'Harry Potter and the Prisoner of Azkaban', '7.8', 'Family', '2004'),
(40410, 'The Polar Express', '6.6', 'Family', '2004'),
(40420, 'Corpse Bride', '7.4', 'Family', '2005'),
(40430, 'Harry Potter and the Goblet of Fire', '7.8', 'Family', '2005'),
(40440, 'The Chronicles of Narnia: The Lion, the Witch, and the Wardrobe', '6.9', 'Family', '2005'),
(40450, 'Nanny McPhee', '6.6', 'Family', '2005'),
(40460, 'Eight Below', '7.3', 'Family', '2006'),
(40470, 'Ice Age: The Meltdown', '6.9', 'Family', '2006'),
(40480, 'Cars', '7.1', 'Family', '2006'),
(40490, 'Over the Hedge', '6.8', 'Family', '2006'),
(40500, 'Monster House', '6.6', 'Family', '2006'),
(40510, 'Meet the Robinsons', '6.9', 'Family', '2007'),
(40530, 'Ratatouille', '8', 'Family', '2007'),
(40540, 'Harry Potter and the Order of the Pheonix', '7.5', 'Family', '2007'),
(40560, 'Bridge to Terabithia', '7.2', 'Family', '2007'),
(40570, 'Surf\'s Up', '6.7', 'Family', '2007'),
(40580, 'Kung Fu Panda', '7.6', 'Family', '2008'),
(40590, 'Marley & Me', '7.1', 'Family', '2008'),
(40600, 'Wall-E', '8.4', 'Family', '2008'),
(40610, 'Ponyo', '7.7', 'Family', '2008'),
(40620, 'Bolt', '6.9', 'Family', '2008'),
(40630, 'Fantastic Mr. Fox', '7.8', 'Family', '2009'),
(40640, 'Cloudy with a Chance of Meatballs', '7', 'Family', '2009'),
(40650, 'A Christmas Carol', '6.8', 'Family', '2009'),
(40660, 'Where the Wild Things Are', '6.8', 'Family', '2009'),
(40670, 'Coraline', '7.8', 'Family', '2009'),
(40680, 'Up', '8.3', 'Family', '2009'),
(40690, 'The Princess and the Frog', '7.1', 'Family', '2009'),
(40700, 'Harry Potter and the Half-Blood Prince', '7.5', 'Family', '2009'),
(40710, 'How to Train Your Dragon', '8.2', 'Family', '2010'),
(40720, 'Tangled', '7.8', 'Family', '2010'),
(40730, 'Toy Story 3', '8.3', 'Family', '2010'),
(40740, 'Harry Potter and the Deathly Hallows: Part 1', '7.8', 'Family', '2010'),
(40750, 'Despicable Me', '7.8', 'Family', '2010'),
(40760, 'Megamind', '7.3', 'Family', '2010'),
(40770, 'The Secret World of Arrietty', '7.6', 'Family', '2010'),
(40780, 'The Muppets', '7.1', 'Family', '2011'),
(40790, 'Hugo', '7.5', 'Family', '2011'),
(40800, 'The Adventures of Tintin', '7.4', 'Family', '2011'),
(40810, 'Kung Fu Panda 2', '7.3', 'Family', '2011'),
(40820, 'Rango', '7.2', 'Family', '2011'),
(40830, 'Hotel Transylvania', '7.1', 'Family', '2012'),
(40840, 'ParaNorman', '7', 'Family', '2012'),
(40850, 'Brave', '7.2', 'Family', '2012'),
(40860, 'Rise of the Guardians', '7.3', 'Family', '2012'),
(40870, 'Wreck-It Ralph', '7.8', 'Family', '2012'),
(40880, 'Frankenweenie', '7', 'Family', '2012'),
(40890, 'Despicable Me 2', '7.5', 'Family', '2013'),
(40900, 'The Croods', '7.2', 'Family', '2013'),
(40910, 'Frozen', '7.5', 'Family', '2013'),
(40920, 'Monsters University', '7.3', 'Family', '2013'),
(40930, 'Epic', '6.7', 'Family', '2013'),
(40940, 'The Book of Life', '7.3', 'Family', '2014'),
(40950, 'The LEGO Movie', '7.8', 'Family', '2014'),
(40960, 'How to Train Your Dragon 2', '7.9', 'Family', '2014'),
(40970, 'Big Hero 6', '7.9', 'Family', '2014'),
(40980, 'Paddington', '7.2', 'Family', '2014'),
(40990, 'Maleficent', '7', 'Fantasy', '2014'),
(41000, 'The Peanuts Movie', '7.1', 'Family', '2015'),
(41010, 'Cinderella', '7', 'Family', '2015'),
(41020, 'Inside Out', '8.2', 'Family', '2015'),
(41030, 'The Little Prince', '7.8', 'Family', '2015'),
(41040, 'Fantastic Beasts and Where to Find Them', '7.6', 'Family', '2016'),
(41050, 'The Jungle Book', '7.5', 'Family', '2016'),
(41060, 'Finding Dory', '7.5', 'Family', '2016'),
(41070, 'Zootopia', '8.1', 'Family', '2016'),
(41080, 'Kubo and the Two Strings', '7.9', 'Family', '2016'),
(41090, 'Moana', '7.8', 'Family', '2016'),
(41100, 'The Lord of the Rings: The Return of the King', '8.9', 'Fantasy', '2003'),
(41110, 'The Lord of the Rings: The Fellowship of the Ring', '8.8', 'Fantasy', '2001'),
(41120, 'Star Wars: Episode V - The Empire Strikes Back', '8.8', 'Fantasy', '1980'),
(41130, 'The Lord of the Rings: The Two Towers', '8.7', 'Fantasy', '2002'),
(41140, 'Princess Mononoke', '8.4', 'Fantasy', '1997'),
(41150, 'Pan\'s Labryinth', '8.2', 'Fantasy', '2006'),
(41160, 'Star Wars: The Force Awakens', '8.1', 'Fantasy', '2015'),
(41170, 'The Princess Bride', '8.1', 'Fantasy', '1987'),
(41180, 'Big Fish', '8', 'Fantasy', '2003'),
(41190, 'The Man from Earth', '8', 'Fantasy', '2007'),
(41200, 'The Hobbit: An Unexpected Journey', '7.9', 'Fantasy', '2012'),
(41210, 'The Hobbit: Desolation of Smaug', '7.9', 'Fantasy', '2013'),
(41220, 'Life of Pi', '7.9', 'Fantasy', '2012'),
(41230, 'Edward Scissorhands', '7.9', 'Fantasy', '1990'),
(41240, 'Mr. Nobody', '7.9', 'Fantasy', '2009'),
(41250, 'The Fall', '7.9', 'Fantasy', '2006'),
(41260, 'Crouching Tiger, Hidden Dragon', '7.9', 'Fantasy', '2000'),
(41270, 'Avatar', '7.8', 'Fantasy', '2009'),
(41280, 'Ghostbusters', '7.8', 'Fantasy', '1984'),
(41290, 'The Curious Case of Benjamin Button', '7.8', 'Fantasy', '2008'),
(41300, 'Being John Malkovich', '7.8', 'Fantasy', '1999'),
(41310, 'Doctor Strange', '7.7', 'Fantasy', '2016'),
(41320, '300', '7.7', 'Fantasy', '2006'),
(41330, 'Midnight in Paris', '7.7', 'Fantasy', '2011'),
(41340, 'Interview with the Vampire', '7.6', 'Fantasy', '1994'),
(41350, 'Stranger Than Fiction', '7.6', 'Fantasy', '2006'),
(41370, 'Beetlejuice', '7.5', 'Fantasy', '1998'),
(41380, 'X-Men 2', '7.5', 'Fantasy', '2003'),
(41390, 'The Hobbit: The Battle of the Five Armies', '7.4', 'Fantasy', '2014'),
(41400, 'The NeverEnding Story', '7.4', 'Fantasy', '1984'),
(41410, 'Labyrinth', '7.4', 'Fantasy', '1986'),
(41420, 'Sleepy Hollow', '7.4', 'Fantasy', '1999'),
(41430, 'The Secret Life of Walter Mitty', '7.3', 'Fantasy', '2013'),
(41450, 'Underworld', '7', 'Fantasy', '2003'),
(41460, 'Thor', '7', 'Fantasy', '2011'),
(41470, 'The Mummy', '7', 'Fantasy', '1999'),
(41480, 'Ghost', '7', 'Fantasy', '1990'),
(41490, 'Scrooged', '7', 'Fantasy', '1988'),
(41500, 'If I Stay', '6.8', 'Fantasy', '2014'),
(41510, 'The Addams Family', '6.8', 'Fantasy', '1991'),
(41520, 'The Imaginarium of Doctor Parnassus', '6.8', 'Fantasy', '2009'),
(41530, 'Penelope', '6.8', 'Fantasy', '2006'),
(41540, 'Charlie and the Chocolate Factory', '6.7', 'Fantasy', '2005'),
(41550, 'Star Wars: Episode II - Attack of the Clones', '6.7', 'Fantasy', '2002'),
(41560, 'The Lovely Bones', '6.7', 'Fantasy', '2009'),
(41570, 'X-Men: The Last Stand', '6.7', 'Fantasy', '2006'),
(41580, 'The Gift', '6.7', 'Fantasy', '2000'),
(41590, 'Hocus Pocus', '6.7', 'Fantasy', '1993'),
(41600, 'City of Angels', '6.7', 'Fantasy', '1998'),
(41610, 'Just Like Heaven', '6.7', 'Fantasy', '2005'),
(41620, 'Underworld: Rise of the Lycans', '6.6', 'Fantasy', '2009'),
(41630, 'The Chronicles of Narnia: Prince Caspian', '6.6', 'Fantasy', '2008'),
(41640, 'Prince of Persia: The Sands of Time', '6.6', 'Fantasy', '2010'),
(41650, 'The Spiderwick Chronicles', '6.6', 'Fantasy', '2008'),
(41660, 'Addams Family Values', '6.6', 'Fantasy', '1993'),
(41670, 'Star Wars: Episode I - The Phantom Menace', '6.5', 'Fantasy', '1999'),
(41680, 'Alice in Wonderland', '6.5', 'Fantasy', '2010'),
(41690, 'Charlie St. Cloud', '6.5', 'Fantasy', '2010'),
(41700, 'City of Ember', '6.5', 'Fantasy', '2008'),
(41710, 'The Water Horse', '6.5', 'Fantasy', '2007'),
(41720, 'The Witches of Eastwick', '6.5', 'Fantasy', '1987'),
(41730, 'Underworld: Awakening', '6.4', 'Fantasy', '2012'),
(41740, 'The BFG', '6.4', 'Fantasy', '2016'),
(41750, 'Click', '6.4', 'Fantasy', '2006'),
(41760, 'The Woman in Black', '6.4', 'Fantasy', '2012'),
(41770, 'Kate & Leopold', '6.4', 'Fantasy', '2001'),
(41780, 'The Invention of Lying', '6.4', 'Fantasy', '2009'),
(41790, 'Charlotte\'s Web', '6.4', 'Fantasy', '2006'),
(41800, 'The Santa Clause', '6.4', 'Fantasy', '1994'),
(41810, 'Alice Through the Looking Glass', '6.3', 'Fantasy', '2016'),
(41820, 'Oz the Great and Powerful', '6.3', 'Fantasy', '2013'),
(41830, 'The Mummy Returns', '6.3', 'Fantasy', '2001'),
(41840, 'Space Jam', '6.3', 'Fantasy', '1996'),
(41850, 'The Chronicles of Narnia: The Voyage of the Dawn Treader', '6.3', 'Fantasy', '2010'),
(41860, 'Ella Enchanted', '6.3', 'Fantasy', '2004'),
(41870, 'It\'s a Boy Girl Thing', '6.3', 'Fantasy', '2006'),
(41880, 'Jack the Giant Slayer', '6.3', 'Fantasy', '2013'),
(41890, 'Dorian Gray', '6.3', 'Fantasy', '2009'),
(41900, 'Dark Shadows', '6.2', 'Fantasy', '2012'),
(41910, 'Practical Magic', '6.2', 'Fantasy', '1998'),
(41920, 'Splash', '6.2', 'Fantasy', '1984'),
(41930, 'Mr. Magorium\'s Wonder Emporium', '6.2', 'Fantasy', '2007'),
(41940, 'Sucker Punch', '6.1', 'Fantasy', '2011'),
(41950, 'The Golden Compass', '6.1', 'Fantasy', '2007'),
(41960, 'Bedtime Stories', '6.1', 'Fantasy', '2008'),
(41970, 'The Sorcerer\'s Apprentice', '6.1', 'Fantasy', '2010'),
(41980, 'Zathura: A Space Adventure', '6.1', 'Fantasy', '2005'),
(41990, 'Inkheart', '6.1', 'Fantasy', '2008'),
(42000, 'Dragonfly', '6.1', 'Fantasy', '2002'),
(42010, 'The Tale of Despereaux', '6.1', 'Fantasy', '2008'),
(42020, 'Into the Woods', '6', 'Fantasy', '2014'),
(42030, 'Casper', '6', 'Fantasy', '1995');

-- --------------------------------------------------------

--
-- Table structure for table `recommendations`
--

CREATE TABLE `recommendations` (
  `MOVIE_ID` char(5) NOT NULL DEFAULT '',
  `MEMBER_ID` int(4) NOT NULL DEFAULT '0'
) ENGINE=InnoDB DEFAULT CHARSET=latin1;

--
-- Dumping data for table `recommendations`
--

INSERT INTO `recommendations` (`MOVIE_ID`, `MEMBER_ID`) VALUES
('00031', 1000),
('10029', 1000),
('10074', 1012);

-- --------------------------------------------------------

--
-- Table structure for table `towatch`
--

CREATE TABLE `towatch` (
  `MOVIE_ID` char(5) NOT NULL DEFAULT '',
  `MEMBER_ID` int(4) NOT NULL DEFAULT '0'
) ENGINE=InnoDB DEFAULT CHARSET=latin1;

--
-- Dumping data for table `towatch`
--

INSERT INTO `towatch` (`MOVIE_ID`, `MEMBER_ID`) VALUES
('10004', 1001),
('10005', 1000),
('10005', 1001),
('10007', 1001),
('10009', 1001),
('10012', 1000),
('10016', 1000),
('10028', 1010),
('10028', 1012),
('10122', 1001);

-- --------------------------------------------------------

--
-- Table structure for table `watchhistory`
--

CREATE TABLE `watchhistory` (
  `MOVIE_ID` char(5) NOT NULL DEFAULT '',
  `MEMBER_ID` int(4) NOT NULL DEFAULT '0',
  `DATE` date NOT NULL
) ENGINE=InnoDB DEFAULT CHARSET=latin1;

--
-- Dumping data for table `watchhistory`
--

INSERT INTO `watchhistory` (`MOVIE_ID`, `MEMBER_ID`, `DATE`) VALUES
('00022', 1000, '1999-03-29'),
('00100', 1009, '2016-09-12'),
('10004', 1001, '2008-12-25'),
('10005', 1000, '2017-02-11'),
('10005', 1001, '2005-02-22'),
('10005', 1002, '2017-02-11'),
('10013', 1000, '2017-02-11'),
('10013', 1002, '2016-09-12'),
('10014', 1000, '2017-01-03'),
('10014', 1003, '2016-09-12'),
('10014', 1004, '2016-09-12'),
('10014', 1005, '2016-09-12'),
('10014', 1006, '2016-09-12'),
('10014', 1007, '2016-09-12'),
('10014', 1008, '2016-09-12'),
('10014', 1009, '2016-09-12'),
('10015', 1007, '2016-09-12'),
('10015', 1008, '2016-09-12'),
('10015', 1009, '2016-09-12'),
('10021', 1009, '2016-09-12'),
('10022', 1009, '2016-09-12'),
('10025', 1009, '2016-09-12'),
('10028', 1012, '1999-03-11'),
('10029', 1000, '1999-09-15'),
('10033', 1006, '2016-09-12'),
('10050', 1006, '2016-09-12'),
('10055', 1005, '2016-09-12'),
('10099', 1003, '2016-09-12'),
('10101', 1002, '2016-09-12'),
('10122', 1001, '2016-09-12'),
('10143', 1000, '1999-09-01'),
('41980', 1000, '1999-03-29');

-- --------------------------------------------------------

--
-- Structure for view `employeetoemployeeview`
--
DROP TABLE IF EXISTS `employeetoemployeeview`;

CREATE ALGORITHM=UNDEFINED DEFINER=`gdw1833`@`localhost` SQL SECURITY DEFINER VIEW `employeetoemployeeview`  AS  select `employeesgroup`.`FNAME` AS `FNAME`,`employeesgroup`.`LNAME` AS `LNAME`,`employeesgroup`.`POSITION` AS `POSITION` from `employeesgroup` ;

-- --------------------------------------------------------

--
-- Structure for view `membermovieview`
--
DROP TABLE IF EXISTS `membermovieview`;

CREATE ALGORITHM=UNDEFINED DEFINER=`gdw1833`@`localhost` SQL SECURITY DEFINER VIEW `membermovieview`  AS  select `m`.`TITLE` AS `TITLE`,`m`.`RATING` AS `RATING`,`m`.`GENRE` AS `GENRE`,`m`.`RELEASEDATE` AS `RELEASEDATE`,concat(`a`.`FNAME`,' ',`a`.`LNAME`) AS `ACTOR_OR_ACTRESS` from ((`movies` `m` join `actors` `a`) join `actsin` on(((`m`.`MOVIE_ID` = `actsin`.`MOVIE_ID`) and (`a`.`ACTOR_ID` = `actsin`.`ACTOR_ID`)))) ;

--
-- Indexes for dumped tables
--

--
-- Indexes for table `actors`
--
ALTER TABLE `actors`
  ADD PRIMARY KEY (`ACTOR_ID`);

--
-- Indexes for table `actsin`
--
ALTER TABLE `actsin`
  ADD PRIMARY KEY (`MOVIE_ID`,`ACTOR_ID`),
  ADD KEY `ACTOR_ID` (`ACTOR_ID`);

--
-- Indexes for table `employeesgroup`
--
ALTER TABLE `employeesgroup`
  ADD PRIMARY KEY (`EMPLOYEE_ID`);

--
-- Indexes for table `favoritemovies`
--
ALTER TABLE `favoritemovies`
  ADD PRIMARY KEY (`MOVIE_ID`,`MEMBER_ID`),
  ADD KEY `MEMBER_ID` (`MEMBER_ID`);

--
-- Indexes for table `members`
--
ALTER TABLE `members`
  ADD PRIMARY KEY (`MEMBER_ID`);

--
-- Indexes for table `movies`
--
ALTER TABLE `movies`
  ADD PRIMARY KEY (`MOVIE_ID`);

--
-- Indexes for table `recommendations`
--
ALTER TABLE `recommendations`
  ADD PRIMARY KEY (`MOVIE_ID`,`MEMBER_ID`),
  ADD KEY `MEMBER_ID` (`MEMBER_ID`);

--
-- Indexes for table `towatch`
--
ALTER TABLE `towatch`
  ADD PRIMARY KEY (`MOVIE_ID`,`MEMBER_ID`),
  ADD KEY `MEMBER_ID` (`MEMBER_ID`);

--
-- Indexes for table `watchhistory`
--
ALTER TABLE `watchhistory`
  ADD PRIMARY KEY (`MOVIE_ID`,`MEMBER_ID`),
  ADD KEY `MEMBER_ID` (`MEMBER_ID`);

--
-- AUTO_INCREMENT for dumped tables
--

--
-- AUTO_INCREMENT for table `employeesgroup`
--
ALTER TABLE `employeesgroup`
  MODIFY `EMPLOYEE_ID` int(5) NOT NULL AUTO_INCREMENT, AUTO_INCREMENT=10012;
--
-- AUTO_INCREMENT for table `members`
--
ALTER TABLE `members`
  MODIFY `MEMBER_ID` int(4) NOT NULL AUTO_INCREMENT, AUTO_INCREMENT=1020;
--
-- Constraints for dumped tables
--

--
-- Constraints for table `actsin`
--
ALTER TABLE `actsin`
  ADD CONSTRAINT `ActsIn_ibfk_1` FOREIGN KEY (`ACTOR_ID`) REFERENCES `actors` (`ACTOR_ID`) ON DELETE CASCADE ON UPDATE CASCADE,
  ADD CONSTRAINT `ActsIn_ibfk_2` FOREIGN KEY (`MOVIE_ID`) REFERENCES `movies` (`MOVIE_ID`) ON DELETE CASCADE ON UPDATE CASCADE;

--
-- Constraints for table `favoritemovies`
--
ALTER TABLE `favoritemovies`
  ADD CONSTRAINT `FavoriteMovies_ibfk_1` FOREIGN KEY (`MOVIE_ID`) REFERENCES `movies` (`MOVIE_ID`) ON DELETE CASCADE ON UPDATE CASCADE,
  ADD CONSTRAINT `FavoriteMovies_ibfk_2` FOREIGN KEY (`MEMBER_ID`) REFERENCES `members` (`MEMBER_ID`) ON DELETE CASCADE ON UPDATE CASCADE;

--
-- Constraints for table `recommendations`
--
ALTER TABLE `recommendations`
  ADD CONSTRAINT `Recommendations_ibfk_1` FOREIGN KEY (`MOVIE_ID`) REFERENCES `movies` (`MOVIE_ID`) ON DELETE CASCADE ON UPDATE CASCADE,
  ADD CONSTRAINT `Recommendations_ibfk_2` FOREIGN KEY (`MEMBER_ID`) REFERENCES `members` (`MEMBER_ID`) ON DELETE CASCADE ON UPDATE CASCADE;

--
-- Constraints for table `towatch`
--
ALTER TABLE `towatch`
  ADD CONSTRAINT `ToWatch_ibfk_1` FOREIGN KEY (`MOVIE_ID`) REFERENCES `movies` (`MOVIE_ID`) ON DELETE CASCADE ON UPDATE CASCADE,
  ADD CONSTRAINT `ToWatch_ibfk_2` FOREIGN KEY (`MEMBER_ID`) REFERENCES `members` (`MEMBER_ID`) ON DELETE CASCADE ON UPDATE CASCADE;

--
-- Constraints for table `watchhistory`
--
ALTER TABLE `watchhistory`
  ADD CONSTRAINT `WatchHistory_ibfk_1` FOREIGN KEY (`MOVIE_ID`) REFERENCES `movies` (`MOVIE_ID`) ON DELETE CASCADE ON UPDATE CASCADE,
  ADD CONSTRAINT `WatchHistory_ibfk_2` FOREIGN KEY (`MEMBER_ID`) REFERENCES `members` (`MEMBER_ID`) ON DELETE CASCADE ON UPDATE CASCADE;

/*!40101 SET CHARACTER_SET_CLIENT=@OLD_CHARACTER_SET_CLIENT */;
/*!40101 SET CHARACTER_SET_RESULTS=@OLD_CHARACTER_SET_RESULTS */;
/*!40101 SET COLLATION_CONNECTION=@OLD_COLLATION_CONNECTION */;
